player_id,name,height_clean,height_ft,height_in,total_inches
11807,Mackenzie Le,"5'3""",5,3,63
11805,Milahnie Perry,"5'7""",5,7,67
11801,Madison Smith,"5'8""",5,8,68
11795,Taylor Britt,"5'7""",5,7,67
11796,Kamri Heath,"5'7""",5,7,67
11800,Kayla Pilson,"5'10""",5,10,70
11806,Faith Shelton,"6'2""",6,2,74
11804,Griffin Greenwood,"5'11""",5,11,71
11803,Parker Brown,"6'0""",6,0,72
11798,Dasha Macmillan,"6'0""",6,0,72
11802,Emily Adams,"6'0""",6,0,72
11799,Nikki McDonald,"5'11""",5,11,71
11797,Jo Huntimer,"5'7""",5,7,67
11255,Sydney Bowles,"6'0""",6,0,72
11257,Mya Petticord,"5'9""",5,9,69
11254,Janiah Barker,"6'4""",6,4,76
11256,Tineya Hylton,"5'7""",5,7,67
10778,Kay Kay Green,"5'6""",5,6,66
10784,Jada Malone,"6'3""",6,3,75
10781,Maliyah Johnson,"6'3""",6,3,75
10783,Eriny Kindred,"5'10""",5,10,70
10779,McKinzie Green,"5'6""",5,6,66
10782,Sahara Jones,"6'0""",6,0,72
10787,Aaliyah Patty,"6'3""",6,3,75
10790,Sydnee Roby,"6'3""",6,3,75
8240,Loyal McQueen,"5'8""",5,8,68
8236,Megan Abrams,"5'9""",5,9,69
8246,Sarah Ashlee Barker,"6'0""",6,0,72
8241,JaMya Mingo-Young,"5'8""",5,8,68
8237,Hannah Barber,"5'6""",5,6,66
8247,Ryan Cobbins,"6'0""",6,0,72
8249,JeAnna Cunningham,"6'4""",6,4,76
8239,Myra Gordon,"6'0""",6,0,72
8245,Karly Weathers,"5'11""",5,11,71
8238,Brittany Davis,"5'9""",5,9,69
8242,Jada Rice,"6'4""",6,4,76
8248,Aaliyah Nye,"6'0""",6,0,72
8244,Khyla Wade-Warren,"6'2""",6,2,74
14549,Shaina Pellington,"5'8""",5,8,68
14552,Madison Conner,"5'11""",5,11,71
14558,Lemyah Hylton,"5'11""",5,11,71
14555,Esmery Martinez,"6'2""",6,2,74
14553,Helena Pueyo,"6'0""",6,0,72
14560,Kailyn Gilbert,"5'8""",5,8,68
14557,Paris Clark,"5'8""",5,8,68
14554,Lauren Fields,"5'9""",5,9,69
14551,Cate Reese,"6'2""",6,2,74
14556,Jade Loville,"5'11""",5,11,71
14550,Lauren Ware,"6'5""",6,5,77
14559,Maya Nnaji,"6'4""",6,4,76
19307,Jaida Strippoli,"5'6""",5,6,66
19294,Melanie George,"5'5""",5,5,65
19301,Sam McNaughton,"5'7""",5,7,67
19304,Natalie Rhine,"5'6""",5,6,66
19295,Kamryn Hall,"5'11""",5,11,71
19360,Addison Ainsworth,"6'0""",6,0,72
19298,Sabria Hunter,"6'1""",6,1,73
19299,Vasana Kearney,"5'8""",5,8,68
19296,Trinity Hardy,"5'8""",5,8,68
19292,Hope Brown,"5'9""",5,9,69
19361,Reese Ericson,"5'6""",5,6,66
19365,Charlotte Richman,"5'7""",5,7,67
19310,Reagan Warren,"5'10""",5,10,70
19366,Alivia Stephens-Kirkman,"5'10""",5,10,70
19362,Julianna Laguna,"5'10""",5,10,70
19363,Linden Madison,"6'1""",6,1,73
19300,Lauren Lithgow,"5'9""",5,9,69
19303,McKenzie Muse,"6'2""",6,2,74
19364,Sara McShea,"5'10""",5,10,70
18261,Amoura Graves,"6'0""",6,0,72
18268,Mya Pratcher,"6'1""",6,1,73
18266,Sania Wells,"5'7""",5,7,67
18269,Jakayla Johnson,"5'9""",5,9,69
18270,Kaitlyn Duhon,"5'10""",5,10,70
18260,Aicha Coulibaly,"6'0""",6,0,72
18271,Sydney Shaw,"5'9""",5,9,69
18263,Romi Levy,"6'3""",6,3,75
18259,Mar'shaun Bostic,"5'8""",5,8,68
18275,Oyindamola Akinbolawa,"6'5""",6,5,77
18272,Audia Young,"5'9""",5,9,69
18265,Honesty Scott-Grayson,"5'9""",5,9,69
18264,Carsen McFadden,"5'8""",5,8,68
18274,Kharyssa Richardson,"6'2""",6,2,74
18262,Precious Johnson,"6'5""",6,5,77
11096,Savannah White,"6'2""",6,2,74
11073,Brooke Schramek,"6'0""",6,0,72
11077,Lily Krahn,"5'10""",5,10,70
11072,Julie Pospisilova,"6'0""",6,0,72
11067,Halle Douglass,"6'1""",6,1,73
11076,Maty Wilke,"5'10""",5,10,70
11097,Avery LaBarbera,"5'6""",5,6,66
11101,Ronnie Porter,"5'4""",5,4,64
11069,Krystyna Ellew,"5'10""",5,10,70
11095,Sania Copeland,"5'7""",5,7,67
11075,Sacia Vanderpool,"6'4""",6,4,76
11099,Tessa Towers,"6'5""",6,5,77
11071,Natalie Leuzinger,"5'8""",5,8,68
11100,Serah Williams,"6'4""",6,4,76
11070,Sydney Hilliard,"5'11""",5,11,71
11074,Sara Stapleton,"6'3""",6,3,75
11102,Mary Ferrito,"5'10""",5,10,70
14887,Kaylah Ivey,"5'8""",5,8,68
14976,Ava McGee,"5'10""",5,10,70
14889,JoJo Lacey,"6'1""",6,1,73
14886,Maria Gakdeng,"6'3""",6,3,75
14890,Ally VanTimmeren,"6'2""",6,2,74
14973,Kayla Lezama,"5'11""",5,11,71
14975,Taina Mair,"5'9""",5,9,69
14885,Andrea Daley,"6'0""",6,0,72
14891,Dontavia Waggoner,"6'0""",6,0,72
14977,T'Yana Todd,"6'0""",6,0,72
14974,Ally Carman,"6'5""",6,5,77
14888,Akunna Konkwo,"6'2""",6,2,74
3333,Tuti Jones,"5'7""",5,7,67
3328,Madison Bartley,"6'3""",6,3,75
3331,Brooke Highmark,"5'8""",5,8,68
3330,Sydni Harvey,"5'10""",5,10,70
3336,Blair Schoenwald,"5'8""",5,8,68
3337,Destinee Wells,"5'6""",5,6,66
3334,Kilyn McGuff,"6'0""",6,0,72
3329,Kendal Cheesman,"6'2""",6,2,74
3335,Tessa Miller,"6'2""",6,2,74
3327,Nikki Baird,"6'0""",6,0,72
3332,Kate Hollifield,"5'10""",5,10,70
3326,Caroline Bachus,"6'2""",6,2,74
4480,Breauna Ware,"5'8""",5,8,68
4669,Nadechka Laccen,"5'6""",5,6,66
4467,I'yanna Lops,"6'3""",6,3,75
4466,Tianna Johnson,"5'10""",5,10,70
4483,Kirah Dandridge,"5'10""",5,10,70
4468,Taylor Napper,"6'0""",6,0,72
4465,Maddie Dziezgowski,"5'10""",5,10,70
4469,Nikki Oppenheimer,"5'9""",5,9,69
4470,Kaitlyn Parker,"5'9""",5,9,69
4482,Aaniya Webb,"5'11""",5,11,71
4484,Payton Fields,"6'0""",6,0,72
4464,Claire Cody,"5'11""",5,11,71
4481,Flera Vinerte,"6'2""",6,2,74
21376,Ugonne (Michelle) Onyiah,"6'3""",6,3,75
21374,Leilani McIntosh,"5'5""",5,5,65
21380,Amaya Bonner,"6'0""",6,0,72
21396,Bella Stevens,"5'10""",5,10,70
21377,Karisma Ortiz,"6'0""",6,0,72
21379,Claudia Langarita,"6'4""",6,4,76
21367,Jadyn Bush,"5'11""",5,11,71
21369,Alma Elsnitz,"5'11""",5,11,71
21381,Kemery Martín,"6'0""",6,0,72
21373,Mia Mastrov,"5'11""",5,11,71
21372,Evelien Lutje Schipholt,"6'2""",6,2,74
21368,Jayda Curry,"5'6""",5,6,66
21375,Ornela Muca,"5'7""",5,7,67
21371,Sela Heide,"6'7""",6,7,79
21378,Peanut Tuitele,"6'1""",6,1,73
8970,Dorcas Wu,"6'0""",6,0,72
9015,Chloe Webb,"5'8""",5,8,68
9013,Kinsley Barrington,"6'1""",6,1,73
9011,Sila Finau,"5'9""",5,9,69
9009,Filipa Barros,"5'9""",5,9,69
8967,Mia Morel,"5'7""",5,7,67
9173,Georgia Kehoe,"6'3""",6,3,75
9014,Nae Nae Calhoun,"5'5""",5,5,65
8968,Tiena Neale,"5'11""",5,11,71
8969,Trinity San Antonio,"5'10""",5,10,70
9008,Brittany Klaman,"5'11""",5,11,71
9012,Sarah Lange,"6'3""",6,3,75
9010,Grace Schmidt,"6'0""",6,0,72
2942,Ana Haklicka,"5'7""",5,7,67
2951,Tae'lor Willard,"5'6""",5,6,66
2947,Shelby Clark,"5'8""",5,8,68
2946,Laura Segues,"5'10""",5,10,70
3035,Princess Hester,"6'1""",6,1,73
2945,Taylor Norris,"5'10""",5,10,70
2949,Josie Hill,"6'1""",6,1,73
2948,Jacia Cunningham,"5'8""",5,8,68
2944,Janiah Newell,"5'5""",5,5,65
2943,Quentarra Mitchell,"5'9""",5,9,69
3036,Ahlea Myers,"5'5""",5,5,65
2950,Yzabelle Laualofa Tevao,"6'1""",6,1,73
4210,Lisa Tesson,"5'7""",5,7,67
4219,Mikala Hall,"5'5""",5,5,65
4212,Anika Weekes,"5'10""",5,10,70
4213,Bridget Utberg,"5'7""",5,7,67
4207,Karrington Gordon,"6'0""",6,0,72
4217,Jnaya Walker,"6'1""",6,1,73
4211,Tiana Timpe,"5'11""",5,11,71
4209,Jahari Smith,"6'1""",6,1,73
4216,Nadége Jean,"6'2""",6,2,74
4214,Taylor Anderson,"5'10""",5,10,70
4215,Sydney Harris,"6'1""",6,1,73
4218,Rochelle Norris,"6'5""",6,5,77
7478,Kennedy Townsend,"5'10""",5,10,70
7477,Lexi Unruh,"6'1""",6,1,73
7479,Kiani Lockett,"5'8""",5,8,68
7471,Jayme Horan,"5'10""",5,10,70
7476,Rachael Saunders,"5'9""",5,9,69
7470,Mallory Brake,"6'0""",6,0,72
7472,Lauren Jensen,"5'10""",5,10,70
7474,Molly Mogensen,"5'7""",5,7,67
7469,Carly Bachelor,"6'0""",6,0,72
7480,Brittany Harshaw,"6'1""",6,1,73
7473,Morgan Maly,"6'1""",6,1,73
7475,Emma Ronsiek,"6'1""",6,1,73
15945,Jaylyn Sherrod,"5'7""",5,7,67
15942,Tayanna Jones,"6'1""",6,1,73
15944,Tameiya Sadler,"5'8""",5,8,68
15940,Frida Formann,"5'11""",5,11,71
15965,Ally Fitzgerald,"6'2""",6,2,74
15966,Lizzie Holder,"6'1""",6,1,73
15943,Quay Miller,"6'3""",6,3,75
15946,Kindyll Wetta,"5'9""",5,9,69
15967,Aaronette Vonleh,"6'3""",6,3,75
15968,Jada Wynn,"6'1""",6,1,73
15969,Brianna McLeod,"6'3""",6,3,75
15941,Sophie Gerber,"6'0""",6,0,72
15947,Charlotte Whittaker,"6'3""",6,3,75
2905,Mossi Staples,"5'7""",5,7,67
2902,Alexandria Hamilton,"5'7""",5,7,67
3003,Lucia Reos,"5'7""",5,7,67
2906,Nadjy Amira,"6'4""",6,4,76
2907,Jewel Watkins,"5'11""",5,11,71
2900,Hope Evans,"5'5""",5,5,65
2908,Charia Roberts,"6'0""",6,0,72
2898,Jaia Alexander,"5'11""",5,11,71
2899,Colleen Bucknor,"5'11""",5,11,71
3002,LaShawna Robinson,"6'1""",6,1,73
2903,Khya Jenkins,"6'0""",6,0,72
2901,Cortney Gardner,"5'7""",5,7,67
2904,Jalynda Salley,"6'4""",6,4,76
21959,Olivia Owens,"6'4""",6,4,76
21960,Kennedi Perkins,"5'6""",5,6,66
21953,Dyaisha Fair,"5'5""",5,5,65
21963,Nyah Wilson,"5'8""",5,8,68
21954,Teisha Hyman,"5'8""",5,8,68
21966,Georgia Woolley,"6'0""",6,0,72
21955,Ava Irvin,"5'8""",5,8,68
21958,Lexi McNabb,"5'7""",5,7,67
21957,Cheyenne McEvans,"5'9""",5,9,69
21962,Asia Strong,"6'2""",6,2,74
21964,Saniaa Wilson,"6'0""",6,0,72
21965,Kyra Wood,"6'3""",6,3,75
21956,Dariauna Lewis,"6'1""",6,1,73
21961,Alaina Rice,"5'8""",5,8,68
12594,Nayo Lear,"5'10""",5,10,70
12590,Taisiya Kozlova,"6'1""",6,1,73
12591,Anyssa Jones,"5'10""",5,10,70
12593,Arianna Smith,"6'2""",6,2,74
12592,Sydney Freeman,"5'8""",5,8,68
12480,Shannon Wheeler,"6'0""",6,0,72
12595,Saija Cleveland,"6'1""",6,1,73
12477,Mariah Perez,"6'3""",6,3,75
12478,Maliya Perry,"6'0""",6,0,72
12472,Destiny Bohanon,"5'10""",5,10,70
12623,Eleanor Monyek,"6'0""",6,0,72
8871,Hannah Nilges,"5'7""",5,7,67
8868,Taylor McAulay,"5'11""",5,11,71
8865,Katie Dinnebier,"5'8""",5,8,68
8869,Megan Meyer,"5'8""",5,8,68
8867,Ashley Iiams,"6'1""",6,1,73
8870,Anna Miller,"6'3""",6,3,75
8889,Ava Hawthorne,"5'9""",5,9,69
8890,Taedyn Gray,"6'2""",6,2,74
8863,Courtney Becker,"6'0""",6,0,72
8866,Sarah Beth Gueldner,"5'9""",5,9,69
8862,Maggie Bair,"6'3""",6,3,75
8864,Grace Berg,"6'0""",6,0,72
18541,Celeste Taylor,"5'11""",5,11,71
18536,Vanessa de Jesus,"5'8""",5,8,68
18544,Ashlon Jackson,"6'0""",6,0,72
18534,Elizabeth Balogun,"6'1""",6,1,73
18545,Taya Corosdale,"6'3""",6,3,75
18539,Jordyn Oliver,"5'10""",5,10,70
18542,Lee Volker,"5'11""",5,11,71
18546,Emma Koabel,"5'11""",5,11,71
18547,Kennedy Brown,"6'6""",6,6,78
18548,Shay Bollin,"6'3""",6,3,75
18538,Imani Lewis,"6'1""",6,1,73
18549,Reigan Richardson,"5'11""",5,11,71
18535,Shayeann Day-Wilson,"5'6""",5,6,66
19035,Bo Shaffer,"5'7""",5,7,67
18537,Jiselle Havas,"5'10""",5,10,70
18550,Mia Heide,"6'3""",6,3,75
18540,Emma Schmidt,"5'9""",5,9,69
11353,Aniya Walker,"6'2""",6,2,74
11350,Megan McConnell,"5'7""",5,7,67
11356,Reilly Sunday,"5'9""",5,9,69
11349,Singo Lekeuneu,"5'6""",5,6,66
11369,Naelle Bernard,"5'5""",5,5,65
11357,Dea Pushkolli,"5'11""",5,11,71
11354,Lauren Wasylson,"6'0""",6,0,72
11347,Amaya Hamilton,"6'2""",6,2,74
11355,Liv Westphal,"5'9""",5,9,69
11351,Tess Myers,"5'9""",5,9,69
11368,Kaitlyn Ammons,"6'3""",6,3,75
11367,Selma Kulo,"6'4""",6,4,76
11348,Precious Johnson,"6'4""",6,4,76
11370,Ayanna Townsend,"6'2""",6,2,74
3554,Hailey Oskey,"5'10""",5,10,70
3556,Cassie Schiltz,"5'11""",5,11,71
3549,Caelan Givens,"5'10""",5,10,70
3768,Brehna Evans,"5'8""",5,8,68
3560,Natalie McNeal,"5'8""",5,8,68
3548,Callie Genke,"6'0""",6,0,72
3559,Tatum Koenig,"5'7""",5,7,67
3555,Kendall Renard,"6'3""",6,3,75
3552,Jasmine Kondrakiewicz,"6'1""",6,1,73
3547,Bailey Butler,"5'7""",5,7,67
3553,Sydney Levy,"5'8""",5,8,68
3550,Jenna Guyer,"6'2""",6,2,74
3557,Maddy Schreiber,"6'0""",6,0,72
3551,Julia Hartwig,"6'2""",6,2,74
3546,Brooklyn Blackburn,"6'0""",6,0,72
13386,Yasmin Ott,"5'7""",5,7,67
13387,Kelsey Ransom,"5'10""",5,10,70
13381,Teaghan Flaherty,"5'10""",5,10,70
13941,Victoria Rivera,"6'0""",6,0,72
13383,Natalie Jasper,"5'5""",5,5,65
13942,Modesti McConnell,"5'7""",5,7,67
13943,Kennedy Fauntleroy,"5'7""",5,7,67
13944,Jada Claude,"6'0""",6,0,72
13945,Kristina Moore,"6'1""",6,1,73
13388,Brianna Scott,"6'4""",6,4,76
13382,Jazmyn Harmon,"5'8""",5,8,68
13384,Ariel Jenkins,"6'3""",6,3,75
13385,Kaliyah Myricks,"6'2""",6,2,74
13946,Morgan Lee,"6'5""",6,5,77
13380,Graceann Bennett,"6'3""",6,3,75
11727,Madison Mathiowetz,"5'10""",5,10,70
11728,Ellie Colbeck,"5'10""",5,10,70
11731,Dru Gylten,"5'10""",5,10,70
11724,Kallie Theisen,"6'1""",6,1,73
11725,Haleigh Timmer,"5'11""",5,11,71
11721,Tori Nelson,"6'1""",6,1,73
11720,Paige Meyer,"5'6""",5,6,66
11726,Madysen Vlastuin,"6'1""",6,1,73
11719,Mesa Byom,"6'2""",6,2,74
11729,Brooklyn Meyer,"6'2""",6,2,74
11718,Paiton Burckhard,"6'0""",6,0,72
11730,Natalie Nielsen,"6'3""",6,3,75
11722,Regan Nesheim,"6'1""",6,1,73
11723,Myah Selland,"6'1""",6,1,73
8233,Sheslanie Laureano,"5'10""",5,10,70
8238,Nya Robertson,"5'7""",5,7,67
8232,Aurea Gingras,"5'8""",5,8,68
8235,Piper Macke,"5'7""",5,7,67
8234,Nya Lok,"5'11""",5,11,71
8294,Jayla Thornton,"5'10""",5,10,70
8239,Caia Loving,"6'2""",6,2,74
8237,Taylor Webster,"5'10""",5,10,70
8231,Maxine Engel,"6'0""",6,0,72
8240,Mia Lakstigala,"5'11""",5,11,71
8599,Natalia Sierra-Vargas,"5'8""",5,8,68
8229,Faith Blethen,"6'1""",6,1,73
8295,Asjah Inniss,"5'9""",5,9,69
8236,Mayowa Taiwo,"6'0""",6,0,72
8230,Essence Brown,"5'11""",5,11,71
7570,Anastasia Hayes,"5'7""",5,7,67
7602,Ahlana Smith,"5'9""",5,9,69
7572,JerKaila Jordan,"5'9""",5,9,69
7603,Asianae Johnson,"5'8""",5,8,68
7567,Jessika Carter,"6'5""",6,5,77
7569,Alasia Hayes,"5'8""",5,8,68
7568,Aislynn Hayes,"5'6""",5,6,66
7604,Kourtney Weber,"5'10""",5,10,70
7574,Mia Moore,"5'8""",5,8,68
7605,Aniya Palmer,"6'0""",6,0,72
7606,Debreasha Powe,"6'1""",6,1,73
7573,Charlotte Kohl,"6'5""",6,5,77
7607,Ramani Parker,"6'4""",6,4,76
7608,Nyayongah Gony,"6'4""",6,4,76
7566,Denae Carter,"6'0""",6,0,72
43970,Jaz Shelley,"5'9""",5,9,69
43967,Trinity Brady,"5'11""",5,11,71
43971,Allison Weidner,"5'10""",5,10,70
43972,Sam Haiby,"5'9""",5,9,69
43710,Callin Hake,"5'8""",5,8,68
43973,Kendall Moriarty,"6'1""",6,1,73
43974,Annika Stewart,"6'3""",6,3,75
43969,Nailah Dillard,"5'9""",5,9,69
43968,Kendall Coley,"6'2""",6,2,74
43966,Isabelle Bourne,"6'2""",6,2,74
43975,Alexis Markowski,"6'3""",6,3,75
43965,Maddie Krull,"5'9""",5,9,69
43961,Maggie Mendelson,"6'5""",6,5,77
13013,Camille Jackson,"5'11""",5,11,71
13011,Genesis Bryant,"5'6""",5,6,66
13010,Makira Cook,"5'6""",5,6,66
13015,Kam'Ren Rhodes,"5'6""",5,6,66
4003,Tiara Scott,"5'4""",5,4,64
4004,Raya Smith,"5'4""",5,4,64
4007,Paola Roa,"5'7""",5,7,67
4005,Yesenia Smith,"5'6""",5,6,66
4006,Iyanna Lamb,"5'3""",5,3,63
4008,Ashley Orozco,"5'4""",5,4,64
4009,Lily Buggs,"5'9""",5,9,69
4010,Silivia Fonongaloa,"6'1""",6,1,73
4011,Anai Washington,"5'6""",5,6,66
4012,Jada Johnson,"6'0""",6,0,72
4013,Melena Bland,"5'9""",5,9,69
4014,Nicole Flennaugh,"5'7""",5,7,67
4015,Olivia Hodges,"6'0""",6,0,72
4016,Nevaeh Asiasi,"5'8""",5,8,68
4017,Amaya Fuentes,"6'3""",6,3,75
10564,Megan McClendon,"5'6""",5,6,66
10563,Macy McClendon,"6'1""",6,1,73
10736,Kassie Boorer,"5'10""",5,10,70
10565,Brooke Rayner,"5'7""",5,7,67
10737,River Romine,"5'6""",5,6,66
10738,Courtnee Cash,"5'8""",5,8,68
10561,Alayzha Knapp,"6'2""",6,2,74
10559,Tayler Factor,"5'9""",5,9,69
10567,Karly Wadsworth,"5'8""",5,8,68
10562,Aliyah Llanusa,"5'7""",5,7,67
10739,Aspen Williston,"6'4""",6,4,76
10569,Lexi Foreman,"5'9""",5,9,69
10740,Ava Greer,"5'11""",5,11,71
10566,Ginger Reece,"5'11""",5,11,71
10568,Caley Young,"5'11""",5,11,71
10741,Eliana Bravington,"6'3""",6,3,75
7367,Malia Smith,"5'5""",5,5,65
7176,Brinley Hagemeier,"5'6""",5,6,66
7368,Shelby Blodgett,"5'9""",5,9,69
7178,Valerie Huerta,"5'4""",5,4,64
7174,Shaylee Coulter-Fa'amafu,"6'0""",6,0,72
7173,Kiera Bush,"6'2""",6,2,74
7179,Tori Maeda,"5'6""",5,6,66
7369,Riley Johnson,"5'9""",5,9,69
7370,Asher Cai,"5'9""",5,9,69
7371,Ashley Schow,"6'1""",6,1,73
7172,Samantha Bowman,"6'3""",6,3,75
7177,Claire Heitschmidt,"5'11""",5,11,71
7181,Jenna Troy,"5'9""",5,9,69
7372,Charity Hines,"6'3""",6,3,75
8405,Kyra Tanabe,"5'4""",5,4,64
8400,Olyvia Pacheco,"5'6""",5,6,66
8519,Molly Cockburn,"5'8""",5,8,68
8398,Liberty Line,"5'7""",5,7,67
8402,Gianna Principato,"5'9""",5,9,69
8395,Kadyn Comer,"5'5""",5,5,65
8406,Olivia Waufle,"5'8""",5,8,68
8391,Emily Achter,"5'7""",5,7,67
8407,Samiyah Worrell,"5'6""",5,6,66
8399,Brooke McCully,"6'0""",6,0,72
8520,Megan Counts,"6'0""",6,0,72
8394,Livia Castellanos,"5'10""",5,10,70
8401,Ashayla Powers,"5'10""",5,10,70
8403,Elle Ravenscroft,"5'9""",5,9,69
8523,Allison Olsen,"5'8""",5,8,68
8397,Claudia Dolliger,"6'0""",6,0,72
8392,Riley Aiono,"6'1""",6,1,73
8393,Awoti Akoi,"6'3""",6,3,75
8300,Haley Moore,"6'0""",6,0,72
8285,Shamiah Bridges,"5'5""",5,5,65
8288,Alissa Crafton,"5'6""",5,6,66
8287,Anna Cardwell,"5'7""",5,7,67
8301,Amiyah Donaldson,"5'7""",5,7,67
8293,Markyia McCormick,"5'6""",5,6,66
8299,Maggie Stephenson,"6'3""",6,3,75
8296,Trinity Palacio,"5'4""",5,4,64
8297,Leilani Pickens,"5'9""",5,9,69
8298,Dakota Reeves,"5'7""",5,7,67
8286,Nakiyah Bumgardner-Ferguson,"5'5""",5,5,65
8302,Kiley Graham,"6'1""",6,1,73
8291,Abby Lee,"5'8""",5,8,68
8294,Camryn Nadir,"5'10""",5,10,70
8290,Clarrissa Francis,"5'10""",5,10,70
8292,Brionna McClinton,"5'9""",5,9,69
8289,Sierra Davis,"6'2""",6,2,74
8295,Jamia Nesmith,"5'11""",5,11,71
3700,Darcy Doran,"5'10""",5,10,70
3711,Selena Pruitt,"5'7""",5,7,67
3705,Braylee McMath,"5'3""",5,3,63
3704,Isabella Jones,"5'11""",5,11,71
3707,Leanna Pearson,"5'7""",5,7,67
3696,Karlee Bates,"5'7""",5,7,67
3706,Jeremia Montgomery,"6'0""",6,0,72
3698,Chloe Crawford,"5'6""",5,6,66
3703,Emily Jones,"6'1""",6,1,73
3710,Kallie Searcy,"6'3""",6,3,75
3701,Anna Ehala,"6'0""",6,0,72
3697,Yaya Coleman,"5'10""",5,10,70
3709,Sophie Roston,"6'2""",6,2,74
3699,Bailey Cummings,"5'10""",5,10,70
3708,Mariona Pontnou,"6'1""",6,1,73
7695,Alexis Phillips,"6'1""",6,1,73
7698,Maddie Ratcliff,"5'10""",5,10,70
7702,Ale Sydnor,"5'7""",5,7,67
7701,Jaisah Smith,"5'9""",5,9,69
7688,Ashton Funderburg,"5'8""",5,8,68
7696,Kyndra Pilant,"6'0""",6,0,72
7690,Maggie Guynn,"5'10""",5,10,70
7703,Drea Betts,"5'9""",5,9,69
7704,Hannah Perdue,"5'8""",5,8,68
7705,Taryn Blankenship,"6'0""",6,0,72
7686,Jazz Blankenship,"5'6""",5,6,66
7693,Shyanna James,"5'11""",5,11,71
7684,Lauryn Avery,"6'2""",6,2,74
7699,Kacie Shaffner,"5'8""",5,8,68
7689,Nakaila Gray,"5'11""",5,11,71
7706,Aubree Casteel,"6'2""",6,2,74
7707,Josie Montgomery,"5'10""",5,10,70
7709,Callie Smith,"5'10""",5,10,70
7692,Caroline Houpe,"5'9""",5,9,69
7685,Emilee Beggs,"5'7""",5,7,67
7708,Kennedy Scales,"5'10""",5,10,70
7700,Makenzee Shrewsbury,"5'9""",5,9,69
7710,Addison Frymoyer,"5'8""",5,8,68
7694,Carly Moretto,"5'6""",5,6,66
7697,Kylea Pollinger,"5'9""",5,9,69
7691,Malerie Hendrick,"5'5""",5,5,65
7711,Abbie Smith,"6'2""",6,2,74
6142,Terrion Moore,"5'8""",5,8,68
6140,Anna Hitt,"5'10""",5,10,70
6137,Kaylee DaMitz-Holt,"5'5""",5,5,65
6144,Bella Sparaco,"6'0""",6,0,72
6145,Caitlynn Daniels,"5'7""",5,7,67
6136,Allie Clevenger,"5'8""",5,8,68
6141,Haylee Mitchell,"6'0""",6,0,72
6146,Hailey Tunnell,"6'0""",6,0,72
6147,Rhi Gibbons,"5'9""",5,9,69
6135,Madi Braden,"5'8""",5,8,68
6148,Reese Schaaf,"5'11""",5,11,71
6139,Mia Henderson,"5'11""",5,11,71
6138,Alana Findley,"5'10""",5,10,70
6143,Aiden Moxness,"6'4""",6,4,76
6652,Hayden Robinson,"5'9""",5,9,69
6639,Ciaira Loyd,"5'7""",5,7,67
6653,Alicia Young,"5'10""",5,10,70
6637,Halle Herrington,"5'5""",5,5,65
6638,Azatah Lawrence,"5'10""",5,10,70
6654,Jamiyah Thomas,"6'2""",6,2,74
6636,Talia Gilliard,"5'9""",5,9,69
6655,Piper Terry,"5'9""",5,9,69
6656,Jordan Smith,"5'8""",5,8,68
6657,Allycia Harris,"5'9""",5,9,69
6640,Dynasty Shegog,"5'10""",5,10,70
6641,Dejah Terrell,"6'1""",6,1,73
6658,Rajah Fink,"5'10""",5,10,70
5130,Stevie Stinchcomb,"5'5""",5,5,65
5125,Kylee Scheer,"5'8""",5,8,68
5122,Tre'Zure Jobe,"5'7""",5,7,67
5127,Macy Smith,"5'5""",5,5,65
5131,Katie Horyna,"5'9""",5,9,69
5124,Victoria Price,"5'8""",5,8,68
5132,Audrey Beaty,"6'2""",6,2,74
5133,Faith Paramore,"6'0""",6,0,72
5129,Christina Walsh,"6'1""",6,1,73
5134,Elizabeth Milligan,"5'10""",5,10,70
5123,Maary Lakes,"6'4""",6,4,76
5126,Madison Skelton,"5'8""",5,8,68
5121,Ehlaina Hartman,"5'10""",5,10,70
5128,Sidney Tinner,"5'10""",5,10,70
7319,Anzya Cook,"5'3""",5,3,63
7318,Carmen Chandler,"5'8""",5,8,68
7324,Mariah Moody,"5'5""",5,5,65
7315,Savannah Cannon,"5'3""",5,3,63
7323,Shanece Mitchell,"5'7""",5,7,67
7328,Alexis Burce,"5'8""",5,8,68
7325,Ianna Odulaja,"5'4""",5,4,64
7320,Mariah Corry,"5'8""",5,8,68
7331,Beyonce Jones,"5'2""",5,2,62
7326,Amaya Richardson,"5'7""",5,7,67
7327,Tyra Sullivan,"6'2""",6,2,74
7317,Essence Caviness,"5'5""",5,5,65
7316,Janelle Carter,"5'10""",5,10,70
7334,Suniyah Rollins,"5'7""",5,7,67
7329,Leah Dawson,"5'8""",5,8,68
7335,Albany Wilson,"5'5""",5,5,65
7332,Arin Moore,"6'2""",6,2,74
7322,Kitara Henry,"5'8""",5,8,68
7321,Chelsey Eison,"5'7""",5,7,67
7333,Aricka Moore,"6'2""",6,2,74
7330,Braeden Johnson,"6'2""",6,2,74
6618,Aaliyah Brunny,"6'0""",6,0,72
6619,Katy Darnell,"5'6""",5,6,66
6627,Mahya Lindesmith,"5'7""",5,7,67
6622,Jertaya Hall,"5'10""",5,10,70
6620,Alyssa DeAngelo,"5'10""",5,10,70
6621,Jalen Gibbs,"6'0""",6,0,72
6625,Laney Whitmore,"5'8""",5,8,68
6628,Emily Starn,"5'4""",5,4,64
6629,Noah Harris,"5'10""",5,10,70
6630,Leslie Huffman,"5'10""",5,10,70
6623,Madeline Huffman,"5'5""",5,5,65
6624,Gracey Lamm,"5'5""",5,5,65
6631,Laynie Beresford,"5'8""",5,8,68
6626,Bre Wilson,"5'10""",5,10,70
6632,Zaniya Murray,"5'5""",5,5,65
8315,Ember Cervantes,"5'3""",5,3,63
8322,Audra Vine,"5'4""",5,4,64
8314,Alyssa Adams,"5'8""",5,8,68
8323,Avery Evans,"5'10""",5,10,70
8318,Kelsey Sorenson,"6'0""",6,0,72
8317,Tayla Nez,"5'4""",5,4,64
8324,Ruby Sweeney-Spitzeck,"5'8""",5,8,68
8325,Kate Gallery,"6'1""",6,1,73
8319,Ava Strange,"5'10""",5,10,70
8326,Graci Kolka,"5'10""",5,10,70
8321,Samantha Wattawa,"5'10""",5,10,70
8316,Brooke McGee,"6'0""",6,0,72
8327,Lanae Billy,"5'7""",5,7,67
8328,Sadie Misner,"5'7""",5,7,67
8329,Kaitlyn Bell,"6'3""",6,3,75
6067,Trinity Adams,"5'8""",5,8,68
6066,Alexis Sexton,"5'9""",5,9,69
6068,Scarlett Gilmore,"5'7""",5,7,67
6069,MiLeia Owens,"5'4""",5,4,64
6070,Aniyah Oliver,"5'5""",5,5,65
6071,Jada Richards,"5'9""",5,9,69
6072,Janiyah Hagood,"5'8""",5,8,68
6073,Jasmine Stanley,"6'1""",6,1,73
6074,Kiana Lee,"5'7""",5,7,67
6222,Myesha Huggins,"5'6""",5,6,66
6075,Lauryn Taylor,"5'11""",5,11,71
3943,Kendal Haggerty,"5'9""",5,9,69
4044,Peyton Grant,"5'6""",5,6,66
3942,Alissa Turner,"5'10""",5,10,70
4045,Ryley Bolyard,"5'9""",5,9,69
3938,Jordan Carr,"5'6""",5,6,66
3941,Meghan Shipley,"5'8""",5,8,68
4168,Deaira Hairston,"5'3""",5,3,63
3940,Cara Minor,"5'11""",5,11,71
4046,Neresha Miller,"6'2""",6,2,74
4047,Theresha Miller,"6'2""",6,2,74
3937,Sydney Bolles,"5'9""",5,9,69
3308,Mickayla Perdue,"5'6""",5,6,66
3304,Cabria Lewis,"5'8""",5,8,68
3317,Breanna Campbell,"5'5""",5,5,65
3302,Skylar Davidson,"5'4""",5,4,64
3306,Khadija Chambless,"5'6""",5,6,66
3307,Aline Fevrier,"6'2""",6,2,74
3316,Dream Cherry,"5'5""",5,5,65
3305,Hya Haywood,"5'6""",5,6,66
3301,Skye Dugan,"5'6""",5,6,66
3313,Daisha Summers,"5'10""",5,10,70
3314,Lauren Hawthorne,"6'0""",6,0,72
3310,Deja Atkinson,"5'10""",5,10,70
3300,Alexis Maynard,"5'6""",5,6,66
3312,Tor'e Alford,"5'8""",5,8,68
3311,Kamiyah Lyons,"5'7""",5,7,67
3315,Chalon Miles,"5'5""",5,5,65
3303,Jezreel Reynolds,"5'11""",5,11,71
3318,Mo Pruitt,"5'9""",5,9,69
6427,Tubby Tovia,"5'8""",5,8,68
6426,Nicole Pinckney,"5'5""",5,5,65
6429,Hayley Berfield,"5'7""",5,7,67
6457,Anaiah Moore,"5'5""",5,5,65
6420,Jazzpher Evans,"5'6""",5,6,66
6428,Natalia Beaumont,"6'3""",6,3,75
6419,Ra'Anaa Bey,"5'6""",5,6,66
6430,Vishe' Rabb,"5'9""",5,9,69
6422,Jahnna Hajdukovich,"5'8""",5,8,68
6431,Kate Robertson,"6'2""",6,2,74
6425,Malie Marfil,"5'9""",5,9,69
6424,Elaina Mack,"5'8""",5,8,68
6421,Kimani Fernandez,"5'10""",5,10,70
6423,Rachel Ingram,"5'7""",5,7,67
16062,Taylor Hooten,"5'3""",5,3,63
15898,Jacie Evans,"5'10""",5,10,70
15951,Kathryn Echols,"5'7""",5,7,67
15938,Hailey Mason,"5'7""",5,7,67
15954,Ella Grace Thompson,"5'5""",5,5,65
15957,Tate Wells,"5'6""",5,6,66
16060,Itziar Ugarte,"5'11""",5,11,71
15889,Kendrick Bailey,"5'5""",5,5,65
15896,Lexie Davis,"5'8""",5,8,68
15902,Patricija Peric,"6'0""",6,0,72
15895,Regan Crawford,"5'8""",5,8,68
16063,Rory Geer,"5'11""",5,11,71
15940,Harley Harbour,"5'10""",5,10,70
15905,Jorey Thorman,"5'7""",5,7,67
15899,Sage Hawley,"6'4""",6,4,76
15900,Aubrey Isbell,"5'10""",5,10,70
5334,Sonni Martin,"5'8""",5,8,68
5337,Jadah Pickens,"5'6""",5,6,66
5336,Eryka Patton,"5'9""",5,9,69
5329,Jasmine Bailey,"5'5""",5,5,65
5332,Ashley Farrar,"5'11""",5,11,71
5341,Brynlee Huggins,"5'10""",5,10,70
5331,JJ Eddens,"5'9""",5,9,69
5333,Abbie Jiles,"5'7""",5,7,67
5338,Gracie Raby,"5'6""",5,6,66
5342,Kate Miller,"6'0""",6,0,72
5343,Olivia Allen,"5'5""",5,5,65
5603,Yasmin Perez,"5'4""",5,4,64
5339,Tamia Templeton,"5'10""",5,10,70
5335,Alee McClendon,"5'11""",5,11,71
5330,Bobbi Bazzle,"6'0""",6,0,72
2538,Anujin Dashdorj,"5'8""",5,8,68
2542,Ava Morrow,"5'10""",5,10,70
2530,Anjelai Hayes,"5'7""",5,7,67
2549,Emma Ingersoll-Weng,"5'6""",5,6,66
2536,Dakota Schultice,"5'7""",5,7,67
2548,Taylor Hinkle,"5'10""",5,10,70
2546,Lindsay Tretter,"5'8""",5,8,68
2547,Claire Dougherty,"6'1""",6,1,73
2534,Carolyn Prevost,"6'1""",6,1,73
2550,Skyler Searfoss,"5'8""",5,8,68
2540,Jenn Kokolus,"5'11""",5,11,71
2532,Moe Moore,"5'7""",5,7,67
2544,Jessica Riepe,"5'9""",5,9,69
9372,Olivia Ellis,"5'6""",5,6,66
9321,McKenzie Lott,"5'4""",5,4,64
9366,Breanna Gustave,"5'7""",5,7,67
9318,Ireona Brooks,"5'8""",5,8,68
9319,Yasmine Fairchild,"5'11""",5,11,71
9326,Jentri Worley,"5'10""",5,10,70
9368,Hailey Unger,"5'8""",5,8,68
9324,Emily Trushel,"5'11""",5,11,71
9320,Chesney Gardner,"5'11""",5,11,71
9325,Madison Williams,"5'3""",5,3,63
9367,Rhiannon Saller,"6'0""",6,0,72
9370,Mary Cartee,"5'10""",5,10,70
9323,Delaney Trushel,"5'11""",5,11,71
9369,Marta Rivera,"6'0""",6,0,72
9371,Kelsie Woodard,"6'1""",6,1,73
9373,Annalise Malone,"6'0""",6,0,72
4589,Nicole Bowlin,"5'6""",5,6,66
4590,Victoria Perez,"5'6""",5,6,66
4591,Tessa Hauser,"6'3""",6,3,75
4592,Regan LoConte,"5'11""",5,11,71
4593,Agnes Paul,"6'2""",6,2,74
4594,Dasiya Jones,"6'0""",6,0,72
4595,Sydney Priddy,"5'8""",5,8,68
4598,Makenna Bodette,"6'0""",6,0,72
4601,Maggie Hutka,"6'1""",6,1,73
4600,Aleksandra Clayton,"5'9""",5,9,69
4597,Mia Guest,"5'8""",5,8,68
4602,Mykaela Moore,"5'7""",5,7,67
4599,India Cole,"5'11""",5,11,71
4596,Christen Curry,"5'6""",5,6,66
19337,Laura Gutierrez,"5'7""",5,7,67
19331,Jordan Woodford,"5'10""",5,10,70
19325,Sophie Hadad,"5'11""",5,11,71
19322,Emily Cavey,"5'11""",5,11,71
19330,Macy Larsen,"5'6""",5,6,66
19332,Kailey Page,"5'10""",5,10,70
19326,Kylie Kravig,"5'8""",5,8,68
19338,Serena Ileleji,"5'6""",5,6,66
19324,Sara Geddes,"5'11""",5,11,71
19321,Tatiana Burciaga-Reyes,"5'9""",5,9,69
19327,Leah Redding,"5'6""",5,6,66
19334,Brooke Slymen,"6'0""",6,0,72
19335,Sophia Williams,"5'10""",5,10,70
19328,Tia Slade,"5'11""",5,11,71
19329,Josee Steadman,"6'0""",6,0,72
19333,Olivia Reed,"5'11""",5,11,71
19323,Lauryn Deede,"5'10""",5,10,70
19320,Monica Brooks,"6'1""",6,1,73
19336,Jamisyn Heaton,"5'10""",5,10,70
7806,Mallie McNair,"5'8""",5,8,68
7809,Sarah Schmitt,"5'8""",5,8,68
7799,Elisa Backes,"6'2""",6,2,74
7865,Halle Duft,"5'8""",5,8,68
7810,Bailey Kissinger,"5'8""",5,8,68
7808,Samantha Moore,"6'0""",6,0,72
7811,Riley Jensen,"5'11""",5,11,71
7802,Maegan Holt,"6'0""",6,0,72
7803,Klaire Kirsch,"5'11""",5,11,71
7798,Jillian Aschoff,"5'7""",5,7,67
7804,Trinity Law,"5'9""",5,9,69
7805,Shiloh McCool,"5'11""",5,11,71
7812,Macy Bryant,"5'11""",5,11,71
7813,Baylee Egan,"5'11""",5,11,71
7800,Meg Burns,"5'11""",5,11,71
7807,Lexi Moes,"5'10""",5,10,70
7814,Bailee Sobczak,"6'1""",6,1,73
7801,Brooke Carlson,"6'1""",6,1,73
6595,Terryauna Griffin,"5'7""",5,7,67
6590,Vashae Rideout,"5'6""",5,6,66
6599,WyKira Johnson-Kelly,"5'6""",5,6,66
6588,Jakiyah Parker,"5'8""",5,8,68
6589,Zamiya Passmore,"5'5""",5,5,65
6600,Tanyia Gordon,"5'10""",5,10,70
6592,Cory Santoro,"5'5""",5,5,65
6597,Jasmine Grant,"6'0""",6,0,72
6598,Karisa Bush,"5'10""",5,10,70
6594,Destiny Middleton,"5'9""",5,9,69
6587,Tyasia Freeman,"6'1""",6,1,73
6593,Quadaija Langley,"5'7""",5,7,67
6770,Kayla Sanders,"5'10""",5,10,70
6006,Azariah Fields,"5'2""",5,2,62
6001,Megan Landsiedel,"6'0""",6,0,72
6005,Abby Wrede,"5'8""",5,8,68
6002,Hunter LeBlanc,"6'3""",6,3,75
6004,Hannah Stull,"5'9""",5,9,69
6003,Tilda Lindstrom,"6'0""",6,0,72
6007,Sariya Henry,"6'0""",6,0,72
6008,Bella Sims,"5'6""",5,6,66
6000,Brandi Hudson,"5'10""",5,10,70
5999,Josie Hise,"5'7""",5,7,67
5998,Emily Harman,"5'6""",5,6,66
6009,Mikeba Jones,"6'0""",6,0,72
5997,Maddie Dillinger,"6'2""",6,2,74
6010,Jalen Gathers,"5'10""",5,10,70
5996,Blaikley Crooks,"5'10""",5,10,70
6012,Nevaeh Johnson,"6'0""",6,0,72
16242,Shaniya Caldwell,"5'9""",5,9,69
16243,Madison Clark,"6'1""",6,1,73
16241,Quin Byrd,"5'5""",5,5,65
16245,Shariah Gaddy,"5'11""",5,11,71
16240,Kimbrie'l Barnes,"5'8""",5,8,68
16251,Brynn Tabeling,"5'4""",5,4,64
16348,Amara Newsom,"5'10""",5,10,70
16347,Megan Watson,"5'8""",5,8,68
16248,Reagan Kargo,"5'9""",5,9,69
16246,Kalisha Hill,"5'10""",5,10,70
16244,Mary Davis,"5'8""",5,8,68
16252,Charlotte Terry,"6'1""",6,1,73
16349,De'Jaria Guillory,"5'7""",5,7,67
16249,Reagan McCray,"5'5""",5,5,65
16247,Destiny Jackson,"5'9""",5,9,69
3473,Ellen Silva,"6'1""",6,1,73
3567,Taylor Tiulana,"5'8""",5,8,68
3475,Emma Wass,"6'0""",6,0,72
3471,Caitlin Pusich,"6'0""",6,0,72
3468,Pearle Green,"5'7""",5,7,67
3478,Jayda Van Dyke,"5'8""",5,8,68
3469,Olivia Kraska,"6'1""",6,1,73
3472,Destiny Reimers,"5'9""",5,9,69
3474,Sam Tolliver,"5'8""",5,8,68
3470,Paola Perez-Mendoza,"5'5""",5,5,65
3477,Emma McKenney,"5'6""",5,6,66
3479,Kayla Johnson,"5'10""",5,10,70
5301,Jordan Parker,"5'11""",5,11,71
5289,Anna Katherine Eastman,"5'6""",5,6,66
5294,Marisa Snodgrass,"5'4""",5,4,64
5298,Isabel Grimes,"5'5""",5,5,65
5291,Shyan Flack,"6'1""",6,1,73
5295,Leisha Steger,"5'11""",5,11,71
5293,Miriam Oldacre,"5'8""",5,8,68
5292,McCarley Northway,"5'10""",5,10,70
5296,Sara Strohmeyer,"5'8""",5,8,68
5299,Chloe Johnson,"5'8""",5,8,68
5300,Katie Moore,"6'0""",6,0,72
5290,Michaella Edwards,"5'9""",5,9,69
5297,Savannah Cook,"5'11""",5,11,71
8959,Mariah McKeever,"5'8""",5,8,68
9000,Megan Roob,"5'9""",5,9,69
9002,Adie Wagner,"5'7""",5,7,67
8999,Tori Ratz,"5'8""",5,8,68
9074,Bailey Keske,"5'6""",5,6,66
8956,Natalie Jens,"5'7""",5,7,67
8997,Taneea Henderson,"5'8""",5,8,68
8996,Terryn Johnson,"6'2""",6,2,74
9005,Olivia Skibiel,"6'0""",6,0,72
9004,Payton Bang,"6'2""",6,2,74
8955,Peyton Boom,"6'0""",6,0,72
9001,Kaila Youngs,"6'0""",6,0,72
8998,Ava Loftus,"5'8""",5,8,68
8957,Sarah Kingland,"5'11""",5,11,71
8958,Allisa Knight,"5'11""",5,11,71
4957,Laila Anderson,"5'5""",5,5,65
4950,Josie Kilborn,"5'10""",5,10,70
4947,Haleigh Crews,"5'6""",5,6,66
4948,Laila Harris,"6'1""",6,1,73
4958,Maddison Mangalao,"5'3""",5,3,63
4952,Amber Nealy,"5'6""",5,6,66
4956,Michelle Stewart,"5'5""",5,5,65
4951,Makayla Kimble,"5'7""",5,7,67
4959,Alyssa Root,"5'11""",5,11,71
4960,Jada Priebe,"6'0""",6,0,72
4953,Dominique Pacheco,"5'2""",5,2,62
4949,Taylor Haynes,"5'9""",5,9,69
4955,Asia Smith,"6'1""",6,1,73
4961,Tiandria Tucker,"5'6""",5,6,66
4954,Kaia Simpson,"6'0""",6,0,72
4962,Reagan Hune,"5'10""",5,10,70
4963,Maleiya Hill,"5'4""",5,4,64
7089,Gabreyel Cook,"5'6""",5,6,66
7079,Holly Davies,"5'7""",5,7,67
7084,Taylor Spires,"5'10""",5,10,70
7090,Faith Putz,"5'7""",5,7,67
7080,Tyla Paraha,"5'7""",5,7,67
7091,AC Yearick,"5'8""",5,8,68
7092,Gracie Wilson,"5'5""",5,5,65
7082,Reagan Rozier,"5'11""",5,11,71
7083,April Rummery-Lamb,"6'4""",6,4,76
7093,Brooke Grinstead,"5'8""",5,8,68
7094,Mercer Roberts,"6'0""",6,0,72
7085,Tyla Stolberg,"6'2""",6,2,74
7081,Ella Pearson,"5'10""",5,10,70
7077,Dyani Burke,"5'7""",5,7,67
7076,Giulia Bongiorno,"5'10""",5,10,70
7086,Grace Webb,"5'11""",5,11,71
7088,Destiny Worthy,"6'0""",6,0,72
7078,Payton Cronen,"5'7""",5,7,67
7087,Ericka Wiseley,"6'2""",6,2,74
7522,Madelyn Bragg,"6'2""",6,2,74
7325,Rianna Fillipi,"5'8""",5,8,68
7523,Morgan Fiedler,"5'8""",5,8,68
7520,Olivia Hanson,"5'7""",5,7,67
7329,Jordyn Hilgemann,"5'10""",5,10,70
7328,Halle Heinz,"5'5""",5,5,65
7519,Alayna Benike,"5'11""",5,11,71
7324,Brynn Alfson,"6'0""",6,0,72
7330,Abbey Holmes,"5'7""",5,7,67
7326,Rachel Garvey,"5'8""",5,8,68
7521,Grace Miller,"5'10""",5,10,70
7332,Kailee Oliverson,"6'4""",6,4,76
7334,Laurie Rogers,"6'2""",6,2,74
7327,Zoe Hardwick,"6'3""",6,3,75
5637,Danika Starr,"6'1""",6,1,73
5628,Kate Clark,"5'7""",5,7,67
5633,Jordan Pinson,"5'5""",5,5,65
5632,Lydia Nieto,"5'9""",5,9,69
5627,Emma Clark,"5'6""",5,6,66
5626,Analynn Bohner,"5'8""",5,8,68
5629,McKenna Castledine,"5'10""",5,10,70
5636,Elliett Lee,"5'4""",5,4,64
5631,Cami Knishka,"5'8""",5,8,68
5639,Loy Waid,"6'0""",6,0,72
5638,Shawnacee Davis,"5'8""",5,8,68
5630,Clare Eubanks,"6'1""",6,1,73
5634,Ellie Friend,"6'1""",6,1,73
5635,Ashlynn Sylve,"5'9""",5,9,69
7095,Rachel Wilson,"6'2""",6,2,74
7096,Hannah Archer,"5'9""",5,9,69
7097,Shanley Woods,"5'4""",5,4,64
7100,Shamia Strayhorn,"5'7""",5,7,67
7101,Emily Holzopfel,"5'7""",5,7,67
7102,Fatima Mohammad,"5'7""",5,7,67
7103,Ava Lickliter,"5'7""",5,7,67
7104,Lauren Calhoun,"6'0""",6,0,72
7105,Kenzie Dalton,"5'3""",5,3,63
7106,Taylor Cullen,"5'8""",5,8,68
7111,Kimora Pooler,"6'2""",6,2,74
7115,Graci Fairman,"5'5""",5,5,65
7116,Jacqui Hinesmon,"5'9""",5,9,69
7118,Alivia Thompson,"5'10""",5,10,70
7121,Lucia Gonzales De Las Cuevas,"5'6""",5,6,66
7122,Bryana Henderson,"5'5""",5,5,65
7123,Carla Torrubia Cano,"5'11""",5,11,71
7124,Annie Hunt,"5'10""",5,10,70
7125,Ally Ziegler,"5'10""",5,10,70
5609,Aubrey Brown,"5'4""",5,4,64
5610,Ashton Hackler,"6'0""",6,0,72
5617,Hayley Flores,"5'7""",5,7,67
5614,Tess Talo Tomokino,"5'8""",5,8,68
5926,Ashya Harris,"5'6""",5,6,66
5681,Alexis Dixon,"6'0""",6,0,72
5612,Courtney Lee,"5'11""",5,11,71
5616,Mika Scott,"5'10""",5,10,70
5618,Taylor Flores,"5'7""",5,7,67
5615,Bri Wietelman,"6'1""",6,1,73
5611,Jaylee Kindred,"6'3""",6,3,75
5613,Patrycja Pawlata,"6'3""",6,3,75
6054,Audri Winfrey,"5'11""",5,11,71
6056,Kyndal Rooks,"5'8""",5,8,68
6062,Joey Babel,"5'4""",5,4,64
6058,Samantha Watson,"5'7""",5,7,67
6055,Grayson Fairless,"6'0""",6,0,72
6051,Makayla Miller,"5'7""",5,7,67
6052,Makenzie Schilmoeller,"5'8""",5,8,68
6050,Laney Mears,"5'6""",5,6,66
6059,Madeleine Tipton,"5'10""",5,10,70
6060,Gracen Williams,"5'7""",5,7,67
6053,Heidi Robinson,"5'9""",5,9,69
6057,Abbey Harrison,"6'2""",6,2,74
6061,Kayla Richardson,"5'11""",5,11,71
6967,Olivia Nelson,"5'7""",5,7,67
6970,Lauren Blake,"6'0""",6,0,72
6964,Kade Hackerott,"5'11""",5,11,71
7314,Robin Campbell,"5'4""",5,4,64
6969,Cierra Smith,"5'7""",5,7,67
6971,Lauren Frost,"5'8""",5,8,68
6965,Graycen Holden,"6'2""",6,2,74
6963,Charley Bovaird,"5'11""",5,11,71
6973,Alyssa Morris,"5'11""",5,11,71
6968,Ali Vigil,"5'11""",5,11,71
6966,Brooke Littrell,"6'2""",6,2,74
6972,Ashley Tull,"6'0""",6,0,72
6138,Nyah Pettus,"5'10""",5,10,70
6093,Sydney Holmes,"5'9""",5,9,69
6096,Emma Martin,"5'7""",5,7,67
6092,Karenna Gerber,"6'0""",6,0,72
6091,Tristan Gegg,"5'7""",5,7,67
6090,Erin Davis,"5'8""",5,8,68
6100,Harper Schreiner,"5'8""",5,8,68
6094,Shayla Kohler,"6'2""",6,2,74
6099,Savannah Campbell,"6'2""",6,2,74
6097,Grace Pyle,"5'11""",5,11,71
6098,Jenna Shipley,"5'9""",5,9,69
6095,Alba Lozano Davila,"6'1""",6,1,73
11784,Tyree Allen,"5'9""",5,9,69
11803,Kiara Eubanks,"5'7""",5,7,67
11808,Tyara McQueen,"5'3""",5,3,63
11786,Jayden Burns,"5'6""",5,6,66
11800,Rebecca Fraley,"5'5""",5,5,65
11804,Thalia Guardiola,"5'3""",5,3,63
11792,Lauren Murphy,"5'9""",5,9,69
11795,Amaya Santiago,"5'9""",5,9,69
11805,TiJanae Simmons,"5'7""",5,7,67
11799,Jailah White,"5'5""",5,5,65
11807,Saule Kaupyte,"6'0""",6,0,72
11793,Taina Pagan,"6'0""",6,0,72
11798,Roxkel Washington,"6'1""",6,1,73
11806,Jamie Waldron,"6'2""",6,2,74
11788,Sha'raya Haines,"5'8""",5,8,68
5533,Allison McFarren,"5'5""",5,5,65
5528,Brooke Ellis,"5'7""",5,7,67
5538,Haley Wiskur,"5'11""",5,11,71
5535,Keegan Sullivan,"5'10""",5,10,70
5539,Clare Diener,"5'10""",5,10,70
5537,Ella Wedergren,"5'9""",5,9,69
5529,Rebeca Garcia,"6'3""",6,3,75
5526,Addison Bent,"6'1""",6,1,73
5542,Ali Kamies,"5'5""",5,5,65
5536,Lani Thompson,"5'11""",5,11,71
5531,Molly Hummel,"5'11""",5,11,71
5543,Moriah Putt,"5'10""",5,10,70
5541,Macie Conway,"5'9""",5,9,69
5532,Lindsey Ingwerson,"5'11""",5,11,71
5527,Reagan Dodd,"5'11""",5,11,71
5540,Bailey Brown,"6'1""",6,1,73
5534,Michele Origliasso,"6'0""",6,0,72
5530,Abby Girard,"6'2""",6,2,74
4236,Sandra Mason,"5'5""",5,5,65
4237,Mya Lewis,"5'8""",5,8,68
4239,Jasonnia Burleson,"5'10""",5,10,70
4228,Jala Holloman,"5'0""",5,0,60
4242,Essence Sumner,"5'7""",5,7,67
4230,Olivia King,"5'11""",5,11,71
4232,Rachel Leath,"5'8""",5,8,68
4234,Aurora Roberts,"5'8""",5,8,68
4233,Arriana Lizarraga,"6'0""",6,0,72
4241,Dianna Spence,"6'0""",6,0,72
4240,Logan Dutka,"5'11""",5,11,71
4229,McKenna Kersat,"6'2""",6,2,74
4231,Stephanie Kucy,"5'11""",5,11,71
4235,Thailand Smith,"6'1""",6,1,73
4227,Jessica Henderson,"5'2""",5,2,62
4238,Emily Barr,"5'9""",5,9,69
3322,Matilda Soric,"5'10""",5,10,70
3320,Ronnie Cantu,"5'4""",5,4,64
3330,Morgan Gary,"5'9""",5,9,69
3333,Rebeka Renczes,"5'7""",5,7,67
3334,Jayda Ruffus-Milner,"5'10""",5,10,70
3321,Ainsley Thunell,"6'0""",6,0,72
3327,Sammie Dufek,"6'0""",6,0,72
3331,Lauren Catherman,"5'8""",5,8,68
3324,Isabel Langenberg,"6'0""",6,0,72
3325,McCall Hampton,"5'9""",5,9,69
3326,Dafne Gianesini,"5'11""",5,11,71
3332,Mikah Chapman,"5'10""",5,10,70
3323,Bella Muscoreil,"6'3""",6,3,75
4775,Lilly Koki,"5'8""",5,8,68
4777,Avery Oaster,"6'0""",6,0,72
5020,Iternite Reed,"5'10""",5,10,70
5022,Janealle Sutterlict,"5'9""",5,9,69
4912,Mya Hatchett-Groce,"5'7""",5,7,67
4781,Sarah Lamet,"6'4""",6,4,76
4767,Kiana Rios,"5'9""",5,9,69
5015,Rian Clear,"5'10""",5,10,70
5021,Leah Sopak,"5'7""",5,7,67
5017,Chenoa Louie,"5'11""",5,11,71
4923,Madelyn Brown,"5'8""",5,8,68
5019,Emily Nelson,"6'1""",6,1,73
5016,Laia Currius,"6'1""",6,1,73
4927,Keeli Jade Smith,"5'9""",5,9,69
5018,Lauryn Morris,"5'8""",5,8,68
3335,Alexis Robinson,"5'3""",5,3,63
3338,Jaedyn Dunn,"5'6""",5,6,66
3331,Michaela Kucera,"6'3""",6,3,75
3337,Kayla Braxton-Young,"5'7""",5,7,67
3332,Juliett Martinez,"5'4""",5,4,64
3336,Natalia Ryng,"5'10""",5,10,70
3342,Ariah Powell,"5'6""",5,6,66
3341,Teanna Huggins,"5'6""",5,6,66
3340,Reyelle Frazier,"5'10""",5,10,70
3333,Briley Perkins,"5'9""",5,9,69
3330,Bella Hughes,"5'11""",5,11,71
3334,Faith Phillips,"5'11""",5,11,71
3339,Gabby Elliott,"6'1""",6,1,73
3329,Tonia Bilic,"6'0""",6,0,72
4406,Grace Alverson,"5'5""",5,5,65
4409,Kamryn Cantwell,"5'8""",5,8,68
4405,Aimee Alverson,"5'4""",5,4,64
4607,Lauryn Scalice,"5'8""",5,8,68
4411,Briley Moon,"5'6""",5,6,66
4407,Lauren Beason,"5'11""",5,11,71
4410,Caitlin Kobiske,"5'10""",5,10,70
4413,Kentoya Woods,"5'10""",5,10,70
4412,Avri Weeks,"6'0""",6,0,72
4609,Tiffany Liddie,"5'9""",5,9,69
4610,Abbie Barr,"5'7""",5,7,67
4408,Maci Bookout,"5'6""",5,6,66
4611,Karyssa Jackson,"5'11""",5,11,71
4612,Holli Lindley,"5'10""",5,10,70
4613,Allie Buchanan,"6'1""",6,1,73
4614,MaKenna Walker,"5'8""",5,8,68
4971,Mychala Linzy,"5'4""",5,4,64
4982,Brooklin Brown,"5'9""",5,9,69
4979,Kelsie Hawkins,"5'5""",5,5,65
4964,Jerica Bell,"6'0""",6,0,72
4966,Kenzie Ezekiel,"5'7""",5,7,67
4978,Chloe Wilbanks,"5'6""",5,6,66
4974,Kylie Minter,"5'5""",5,5,65
4981,Addy Tremie,"5'11""",5,11,71
4970,Jessica Jones,"5'10""",5,10,70
4973,Kylie Warren,"5'10""",5,10,70
4975,Riley Stanford,"5'8""",5,8,68
4980,Marlee Bright,"5'4""",5,4,64
4972,Diamond Morris,"5'11""",5,11,71
4967,Jada Gasaway,"5'7""",5,7,67
4968,Braydyn Hill,"5'7""",5,7,67
4977,Sihirah Reese,"5'11""",5,11,71
5550,Abby Kopecky,"5'10""",5,10,70
5551,Tate Norblade,"5'9""",5,9,69
5554,Lauren Zacharias,"5'6""",5,6,66
5547,Ashley Gustavson,"5'8""",5,8,68
5543,Brigid Boyle,"6'0""",6,0,72
5546,Annie Guentzel,"5'9""",5,9,69
5549,Avery Kallman,"6'1""",6,1,73
5544,Delaney Clark,"5'11""",5,11,71
5552,Kassidy Pingel,"6'0""",6,0,72
5556,Rachel Dahlen,"6'2""",6,2,74
5557,Meg Rietz,"6'0""",6,0,72
5545,Maya Fitzpatrick,"5'10""",5,10,70
5558,Kylah vanDonkersgoed,"6'1""",6,1,73
5553,Ella Skinner,"6'0""",6,0,72
5548,Logan Hughes,"5'10""",5,10,70
5555,Emma Schweigart,"6'1""",6,1,73
5559,Lily Fitzgerald,"6'1""",6,1,73
6181,Grace Faulk,"5'9""",5,9,69
6183,Anna Lucarelli,"5'8""",5,8,68
6190,Bailey Beckstedt,"5'7""",5,7,67
6192,Natalija Sekulovska,"5'11""",5,11,71
6347,Sonia Sarda,"5'6""",5,6,66
6182,Paige Julian,"5'8""",5,8,68
6191,Gracie Lyon,"6'1""",6,1,73
6185,Karly McCutcheon,"5'9""",5,9,69
6187,Bailee Smith,"5'8""",5,8,68
6193,Halley Smith,"5'8""",5,8,68
6188,Corinne Thomas,"5'9""",5,9,69
6184,Arriana Manzay,"6'3""",6,3,75
6186,Jenna Riccardo,"5'11""",5,11,71
6189,Olivia Baker,"5'8""",5,8,68
3299,Ashley Davis,"5'9""",5,9,69
3307,Hannah Shriver,"5'7""",5,7,67
3309,Makayla Smith,"5'8""",5,8,68
3306,Caroline Scott,"5'7""",5,7,67
3313,Felesia Ondongo,"5'8""",5,8,68
3308,Emily Anthony,"5'4""",5,4,64
3300,Destiny Fields,"5'10""",5,10,70
3303,Alana Kramer,"5'7""",5,7,67
3310,Anysa Jordan,"6'1""",6,1,73
3302,Shelby Harmeyer,"5'10""",5,10,70
3311,Imani Reid,"5'10""",5,10,70
3304,Latifat Olatunji,"6'1""",6,1,73
3305,ZZ Russell,"5'6""",5,6,66
3301,Emyah Fortenberry,"5'11""",5,11,71
3312,Jessica Osuanah,"6'3""",6,3,75
2783,Kiarah Cole-Massiah,"5'10""",5,10,70
2785,Corriana Evans,"6'0""",6,0,72
2786,Trinity Jones,"5'6""",5,6,66
2793,Hannah White,"5'8""",5,8,68
2787,Deyanna McKinney,"5'6""",5,6,66
2791,Denise Stine,"5'6""",5,6,66
2784,Janiah Ellis,"5'10""",5,10,70
2790,Rose Smith,"6'3""",6,3,75
2789,Rianna Smith,"5'5""",5,5,65
2792,Shawn Tate,"5'10""",5,10,70
2788,Brea Patterson,"5'5""",5,5,65
2781,Mariah Baltierra,"5'6""",5,6,66
6738,Cali McClave,"5'9""",5,9,69
6736,Erika Glenn,"5'9""",5,9,69
6732,Meadow Aragon,"5'11""",5,11,71
6740,Caitlin Wheeler,"6'1""",6,1,73
6742,Gretta Baker,"5'9""",5,9,69
6737,Ana McClave,"5'10""",5,10,70
6734,Madisyn Clark,"5'8""",5,8,68
6743,Ally Harman,"5'9""",5,9,69
6739,Princy Paaluhi-Caulk,"5'3""",5,3,63
6744,Gracie Arnold,"6'1""",6,1,73
6733,Kylee Arzner,"5'10""",5,10,70
6745,Pi'ohia Tuivai,"5'10""",5,10,70
6735,Kiylynn Dawkins,"6'1""",6,1,73
6741,Averi Young,"6'2""",6,2,74
7844,Avery Dykstra,"5'10""",5,10,70
7855,Kaimyla Nolen,"5'7""",5,7,67
7845,Riley Dykstra,"5'10""",5,10,70
7998,Marsani Cannon,"5'3""",5,3,63
7856,Stephanie Peterson,"5'10""",5,10,70
7846,Monique Fierke,"5'7""",5,7,67
7852,Brooke Walling,"6'3""",6,3,75
7847,Katrina Gimmaka,"5'11""",5,11,71
7851,Truitt Reilly,"6'2""",6,2,74
7854,Jadyn Watts,"6'1""",6,1,73
7849,Mason Oberg,"5'5""",5,5,65
7848,Maddy Grandbois,"5'9""",5,9,69
7850,Mollie Olson,"5'10""",5,10,70
7959,Ellee Brockman,"6'0""",6,0,72
7853,Carley Zaragoza,"6'1""",6,1,73
10942,Leah Barringer,"5'8""",5,8,68
10952,Bethel Ekperigha,"5'5""",5,5,65
10949,Lauren Sullivan,"6'0""",6,0,72
10945,Jaxson Douglas,"6'0""",6,0,72
10953,Laney Beale,"5'6""",5,6,66
10954,Kyndall Shivers,"5'6""",5,6,66
10943,Hannah Clark,"5'5""",5,5,65
10950,Bryanna Troutman,"6'2""",6,2,74
10947,Laura Kozo,"6'4""",6,4,76
10955,Adair Garrison,"6'0""",6,0,72
10944,AJ Davis,"6'2""",6,2,74
10951,Jaia Wilson,"5'5""",5,5,65
10946,Mikayla Dyson,"5'10""",5,10,70
10948,Madison Lowery,"6'1""",6,1,73
10956,Emily Hege,"5'6""",5,6,66
12614,Ashley Steffeck,"5'9""",5,9,69
12618,Suni Davis,"5'7""",5,7,67
12615,Loralee Stock,"5'9""",5,9,69
12622,Ashley Van Sickle,"5'7""",5,7,67
12621,Saya Sabus,"5'9""",5,9,69
12620,Jessica Rios,"5'7""",5,7,67
12611,Josephine Howery,"5'9""",5,9,69
12613,Jenna Siebert,"5'9""",5,9,69
12617,Sammy Van Sickle,"6'2""",6,2,74
12610,Quincey Baum,"6'0""",6,0,72
12612,Shelby Nichols,"6'1""",6,1,73
12619,Alison Kantor,"6'3""",6,3,75
12616,Megan Van de Graaf,"6'0""",6,0,72
3714,Amber Abusbeih,"5'6""",5,6,66
3726,Lacy Robins,"6'1""",6,1,73
3717,Kristyn Goshay,"5'3""",5,3,63
3725,Letiya Reeves,"5'11""",5,11,71
3727,Olivia West,"6'0""",6,0,72
3720,Zuzanna Rudenko,"5'11""",5,11,71
3723,Jillian Bretz,"5'10""",5,10,70
3724,Simone Lett,"6'1""",6,1,73
3719,Olonna Rawls,"5'9""",5,9,69
3718,Maya Jackson,"6'0""",6,0,72
3722,Emilia Tenbrock,"6'0""",6,0,72
3716,Adrieanna Brownlee,"6'1""",6,1,73
3941,LaChazity Shaver,"5'9""",5,9,69
3938,Kaylee Milburn,"6'0""",6,0,72
3945,Zaakyaa Young,"5'7""",5,7,67
4044,Taylor Smith,"5'7""",5,7,67
3936,Angel Broadus,"5'8""",5,8,68
3934,Abbie Bartenslager,"5'8""",5,8,68
4040,Ellie Wilkerson,"5'10""",5,10,70
4041,Emma Gentry,"5'10""",5,10,70
3937,Karlie Denham,"5'6""",5,6,66
3939,Peyton Adams,"5'9""",5,9,69
4038,Alexis Smith,"5'5""",5,5,65
4043,Jocelyn Ramos-Chears,"5'11""",5,11,71
4042,Jaela Reid,"5'11""",5,11,71
4039,Madison Butler,"6'1""",6,1,73
3942,Victoria Sturm,"5'8""",5,8,68
3944,Jackie Wright,"5'9""",5,9,69
3935,Marissa Berlin,"6'3""",6,3,75
5842,Dakiya Toney,"5'11""",5,11,71
6248,Otashae Burrage,"5'2""",5,2,62
6247,TaKyla Allen,"5'9""",5,9,69
6250,Ginny Higginbotham,"5'7""",5,7,67
5831,Andrea Duran,"5'6""",5,6,66
5834,MaKenzie Hill,"5'8""",5,8,68
6251,Michelle Smith,"5'6""",5,6,66
5830,Camryn Davis,"5'9""",5,9,69
5839,Shanell Kitchens,"5'6""",5,6,66
5835,Brysa Maxwell,"5'9""",5,9,69
5837,Kierra Fulton,"5'4""",5,4,64
6252,Bryanna Taylor,"6'0""",6,0,72
5836,Alanna Smith,"5'6""",5,6,66
5843,Grace Watson,"6'0""",6,0,72
3621,Sparkle Leigh,"5'6""",5,6,66
3615,Jamya Miller,"5'5""",5,5,65
3629,Jayla Atkins,"5'8""",5,8,68
3628,Aina Maynou,"5'6""",5,6,66
3620,Kirsten Cross,"5'11""",5,11,71
3612,Daniela Quesada,"5'6""",5,6,66
3627,Anna Machytkova,"5'10""",5,10,70
3622,Emerson Wells,"5'8""",5,8,68
3611,Nerea Arambarri Fernandez,"5'7""",5,7,67
3623,Elena Pericic,"5'11""",5,11,71
3626,Anete Bluma,"6'0""",6,0,72
3619,Liliani Krause,"5'9""",5,9,69
3625,Barbara Trehub,"6'0""",6,0,72
9104,Corrin Gill,"5'2""",5,2,62
9102,Claire Courter,"5'8""",5,8,68
9105,Bianca Giordano,"5'4""",5,4,64
9108,Gwenn Sabato,"5'10""",5,10,70
9109,Izzy Vogel,"5'10""",5,10,70
9111,Shyla Sanford,"5'8""",5,8,68
9103,Katie Geisler,"6'0""",6,0,72
9110,Ryan Weise,"5'8""",5,8,68
9107,Jessica Polin,"5'8""",5,8,68
9106,Leah Pishock,"5'10""",5,10,70
9100,Carley Adams,"5'6""",5,6,66
9112,Cassidy Saylor,"5'10""",5,10,70
9113,Lily Sugra,"5'9""",5,9,69
9114,Adrine Demirciyan,"5'7""",5,7,67
9115,Caitlin Marten,"6'2""",6,2,74
5229,Skylar Patton,"5'5""",5,5,65
5225,Aspen Giese,"5'8""",5,8,68
5231,Chloe Williams,"5'10""",5,10,70
5227,Shayla Montague,"5'11""",5,11,71
5228,Kortney Nelson,"5'8""",5,8,68
5226,Cariann Kunkel,"5'10""",5,10,70
5230,Taryn Shelley,"6'3""",6,3,75
5232,Danielle Zahn,"5'5""",5,5,65
5236,Kaitlin Grossman,"5'11""",5,11,71
5224,Dyauni Boyce,"5'11""",5,11,71
5223,Natalie Andreas,"6'0""",6,0,72
5237,Madeline Heggem,"6'0""",6,0,72
5238,Bailee Sayler,"6'0""",6,0,72
17088,Ashley Shipley,"5'7""",5,7,67
17231,Edecia Beck,"5'11""",5,11,71
17087,Corin Camara,"5'11""",5,11,71
4691,Morgan Jenkins,"5'10""",5,10,70
4702,Karlee Mills,"5'3""",5,3,63
4699,Peyton Spaulding,"5'1""",5,1,61
4696,Briona Alcorn,"5'2""",5,2,62
4682,Julia Gooding,"6'0""",6,0,72
4692,Annabelle Williams,"5'8""",5,8,68
4698,Abby Cole,"5'5""",5,5,65
4697,Hailey Rozier,"5'9""",5,9,69
4685,Anyiah Murphy,"5'8""",5,8,68
4694,Gabby Needham,"5'2""",5,2,62
4679,Madison Baird,"5'5""",5,5,65
4681,Carlee Daulton,"5'9""",5,9,69
4693,Quinn Heizer,"5'10""",5,10,70
4700,Kylie Lay,"5'9""",5,9,69
4687,Shelby Turner,"5'8""",5,8,68
4683,Chloe Jansen,"5'7""",5,7,67
4680,Ella Breitfelder,"5'8""",5,8,68
4684,Kara King,"5'8""",5,8,68
4695,Madison Drummonds,"5'11""",5,11,71
4686,Ellie Oldendick,"5'9""",5,9,69
4701,Sienna Slaughter,"6'0""",6,0,72
4748,Emily Elliott,"6'0""",6,0,72
8115,Michaela James,"5'10""",5,10,70
8116,Jamara Levy,"5'4""",5,4,64
7936,Kaia Williams,"5'7""",5,7,67
8123,Alexis Purcell,"5'4""",5,4,64
8119,Abry Odom,"5'10""",5,10,70
8125,Kenidi White,"5'10""",5,10,70
7931,Chloe Rogers,"6'0""",6,0,72
7928,Jade Goynes,"5'10""",5,10,70
7925,Erin Berry,"5'9""",5,9,69
8114,Jayla Hall,"5'10""",5,10,70
7934,Bridget Upton,"5'7""",5,7,67
7935,Brooke Webster,"5'7""",5,7,67
8117,Hannah Matthews,"6'2""",6,2,74
7932,Lindsey Schale,"5'7""",5,7,67
8113,Tiffany Bickford,"5'10""",5,10,70
7927,Mollie Dittmar,"5'10""",5,10,70
8118,Sydney Maxwell,"6'0""",6,0,72
7742,Emma Klein,"5'9""",5,9,69
7753,Grace Vesperman,"5'7""",5,7,67
7780,Kate Gunderson,"5'8""",5,8,68
7745,Emma Raupp,"5'7""",5,7,67
7746,Kenzie Senffner,"5'4""",5,4,64
7748,Paige Banks,"5'10""",5,10,70
7737,Eden Bonser,"5'8""",5,8,68
7741,Sydney Ignoffo,"5'5""",5,5,65
7740,Vivian Guerrero,"6'1""",6,1,73
7744,Kallie Norby,"6'0""",6,0,72
7750,Samantha Brady,"5'9""",5,9,69
7738,Claudia Fieiras,"5'9""",5,9,69
7739,Molly Garrity,"5'7""",5,7,67
7752,Auto Thomas,"5'6""",5,6,66
7751,Anika Preusker,"5'8""",5,8,68
7749,Ava Berg,"5'7""",5,7,67
7743,Kayla Miotk,"6'0""",6,0,72
6226,Erin Yoshitake,"5'5""",5,5,65
6236,Payton Snoops,"5'3""",5,3,63
6221,Emma Reed,"5'6""",5,6,66
6222,Ella Roberts,"5'9""",5,9,69
6217,Jaela Eggers,"5'11""",5,11,71
6219,Jenna Lacey,"5'10""",5,10,70
6234,Mia Skoro,"5'9""",5,9,69
6239,Kylie Ritter,"5'8""",5,8,68
6235,Madeline Schumacher,"5'8""",5,8,68
6240,Marissa Bartels,"5'2""",5,2,62
6218,Claire Hinds,"6'1""",6,1,73
6237,Katie Brown,"5'11""",5,11,71
6225,Alyssa Wells,"5'10""",5,10,70
6216,Alexa Borter,"6'0""",6,0,72
6224,Emily Stephens,"6'0""",6,0,72
6238,Beth Parangan,"5'4""",5,4,64
6223,Jordan Ryan,"6'0""",6,0,72
4167,Zoe Zeitlin,"5'6""",5,6,66
4168,Ashlie Louden,"5'7""",5,7,67
4169,Aurielle Brunner,"5'9""",5,9,69
4170,Zelimar Rodriguez,"5'7""",5,7,67
4172,Aubree Tack,"5'3""",5,3,63
4173,Emily Durkee,"5'6""",5,6,66
4174,Ella McDermott,"5'9""",5,9,69
4181,Emma Getz,"5'7""",5,7,67
4177,Kassie O'Hern,"5'4""",5,4,64
4178,Alyssa Laukus,"5'11""",5,11,71
4179,Katie Schaible,"5'8""",5,8,68
4180,Samantha Hardy,"6'0""",6,0,72
4183,Keegan McConahy,"5'10""",5,10,70
4185,Hannah Chenault,"5'9""",5,9,69
4186,Kayla Johnson,"5'8""",5,8,68
4723,Grace Bezold,"5'10""",5,10,70
4724,Bri Wibbels,"5'7""",5,7,67
4725,Reese Sexton,"5'6""",5,6,66
4726,London Brooks,"5'6""",5,6,66
4727,Kylah Lawson,"5'11""",5,11,71
4729,Taylor Heath,"5'4""",5,4,64
4730,Kaitlyn Lorenzi,"5'8""",5,8,68
4731,Skylar Sahatjian,"5'5""",5,5,65
4732,Addie Gardner,"5'10""",5,10,70
4733,Alexis Wines,"5'6""",5,6,66
4757,Ava Hilgenhold,"5'6""",5,6,66
4734,Callie Wilder,"5'10""",5,10,70
4735,Anna Bauer,"5'10""",5,10,70
4736,Maddi Sears,"5'7""",5,7,67
4737,Jaeda Miller,"5'5""",5,5,65
4738,Lily Ernstes,"5'9""",5,9,69
4739,Kady Clancy,"5'7""",5,7,67
4740,Katherine Benter,"5'9""",5,9,69
4741,Kiera Guckenberger,"5'7""",5,7,67
4742,Mykayla Moran,"6'2""",6,2,74
4743,Kaylea Klinglesmith,"5'11""",5,11,71
4745,Jessica Djessa,"5'3""",5,3,63
6282,Bella Cates,"5'5""",5,5,65
6283,Chloe Grimm,"5'6""",5,6,66
6284,Zoe Bahjat,"5'6""",5,6,66
6285,Simone Shields,"5'7""",5,7,67
6275,Alicia McCloria,"5'4""",5,4,64
6277,Maddie Pardeck,"6'2""",6,2,74
6286,Shelby Heil,"5'11""",5,11,71
6287,Megan Gray,"5'6""",5,6,66
6288,Rayne Thone,"5'6""",5,6,66
6269,Kennedi Burns,"5'9""",5,9,69
6271,Blysse Harmon,"5'9""",5,9,69
6276,Belle Neilson,"5'11""",5,11,71
6278,Madi Pierce,"5'9""",5,9,69
6290,Carter Crane,"6'3""",6,3,75
6291,Olivia Kestner,"6'2""",6,2,74
5744,Lindsay Zientek,"5'9""",5,9,69
5752,Vivian Nease,"5'10""",5,10,70
5738,Kaylee Murphy,"6'0""",6,0,72
5745,Ariel Anderson,"5'11""",5,11,71
5731,Surina Beal,"5'8""",5,8,68
5734,Amanda Inserra,"5'10""",5,10,70
5746,Talysha Wilkerson,"5'7""",5,7,67
5739,Tess Oakley-Stilson,"5'6""",5,6,66
5748,Jazi Forbes,"5'9""",5,9,69
5742,Aubrey Wagner,"5'9""",5,9,69
5743,Megan Wegis,"6'0""",6,0,72
5735,Ashley Kowack,"5'10""",5,10,70
5732,Makenna Chasmar,"5'6""",5,6,66
5733,Lilli Hammons,"6'0""",6,0,72
5749,Jenna Gorton,"6'4""",6,4,76
5740,Anna Schultz,"5'11""",5,11,71
5747,Faith Fletcher,"5'11""",5,11,71
9582,Kerstin Sauerbrei,"5'9""",5,9,69
9594,Amari Banks,"5'6""",5,6,66
9579,Brianna Jones,"5'9""",5,9,69
9577,Kacey Gardner,"5'6""",5,6,66
9575,Lauren Downs,"5'6""",5,6,66
9581,Nicole Sachman,"5'9""",5,9,69
9595,Grace Shukis,"6'0""",6,0,72
9596,A.T. Bartlett,"5'7""",5,7,67
9584,Alexa Yost,"5'7""",5,7,67
9598,Gabbi Glatczak,"5'9""",5,9,69
9599,Paige Olsen,"5'5""",5,5,65
9578,Sarah Hansen,"5'4""",5,4,64
9572,Jenna Caterino,"5'7""",5,7,67
9600,Alexis Johnson,"5'5""",5,5,65
9601,Lauryn Johnson,"5'8""",5,8,68
9583,Sydney Walker,"5'4""",5,4,64
9602,Bree Arsenault,"5'6""",5,6,66
9603,Brooke Wayer,"5'10""",5,10,70
9604,Mackenzie Miller,"6'0""",6,0,72
9571,Katie Bleck,"5'4""",5,4,64
9573,Sadie Conway,"5'11""",5,11,71
9576,Ellie Felsinger,"5'11""",5,11,71
6355,Aly Ray,"5'8""",5,8,68
6337,Erin Burns,"5'6""",5,6,66
6343,Laney Murphy,"5'8""",5,8,68
6350,Samaree Perkins,"5'9""",5,9,69
6348,Skylar Blatnik,"5'10""",5,10,70
6351,Sydney Bourquin,"5'9""",5,9,69
6335,Demi Brewer,"5'4""",5,4,64
6344,Kenzie Weiland,"6'0""",6,0,72
6345,Maddi Weiland,"6'0""",6,0,72
6336,Katie Burke,"5'6""",5,6,66
6354,Bri O'Connor,"5'8""",5,8,68
6338,Kaylee Cyphers,"6'1""",6,1,73
6342,Gabby Ledbetter,"6'3""",6,3,75
6349,Jenna Horsley,"5'6""",5,6,66
6353,Rani Thigpen,"5'7""",5,7,67
6339,Maddie Dougoud,"6'1""",6,1,73
6340,Nicole Flock,"5'6""",5,6,66
16829,Logan Roberts,"5'9""",5,9,69
16830,Jordan Roberts,"5'8""",5,8,68
16831,Miki Vermeulen,"5'10""",5,10,70
16832,Eve Burke,"5'7""",5,7,67
16833,Ella Koebelin,"5'4""",5,4,64
16834,Rowan Cusack,"5'2""",5,2,62
16835,Paige LaFountain,"5'6""",5,6,66
16836,Riley Cusack,"5'2""",5,2,62
16837,Laurel Quinn,"5'8""",5,8,68
16838,Anna Dazey,"5'6""",5,6,66
16839,Alexis Heald,"5'9""",5,9,69
16840,Jordan Worthington,"6'0""",6,0,72
16841,Kaylee Schow,"5'7""",5,7,67
16842,Peyton Bergevin,"5'11""",5,11,71
16843,Elyse Waldal,"5'10""",5,10,70
16844,Janessa Yniguez,"5'3""",5,3,63
16845,Gillyan Landis,"6'2""",6,2,74
2177,Amelia Solt,"5'3""",5,3,63
2172,Bella Thomas,"5'8""",5,8,68
2237,Jasmine Choi,"5'10""",5,10,70
2174,Aiana Whitfield,"5'5""",5,5,65
2173,Selma Vangstein,"5'7""",5,7,67
2167,Margie Clauss,"5'10""",5,10,70
2175,Liz Hiatt,"5'9""",5,9,69
2176,Jasmine Maldonado,"5'3""",5,3,63
2170,Emma Henry,"5'10""",5,10,70
2169,Bailey Harmon,"5'8""",5,8,68
2168,Aurora Davis,"5'10""",5,10,70
2637,Gia Scala,"5'1""",5,1,61
2635,Melina Maietta,"5'8""",5,8,68
2632,Katrina Semkiw,"5'5""",5,5,65
2628,Laura Vittone,"5'7""",5,7,67
2627,Kayla Hoehler,"5'9""",5,9,69
2639,LeeAnn Harris,"6'0""",6,0,72
2631,Tiana Moracco,"5'10""",5,10,70
2640,Lizzie Penrose,"5'5""",5,5,65
2630,Anna Durbin,"5'6""",5,6,66
2636,Sidney McCully,"5'8""",5,8,68
2638,Ashley Barker,"5'6""",5,6,66
2629,Madison Scalese,"5'7""",5,7,67
14526,Chloe Halverson,"5'8""",5,8,68
14536,Anna Nielsen,"5'10""",5,10,70
14524,Katie Evans,"5'8""",5,8,68
14523,Kate Christian,"5'8""",5,8,68
14525,Brooke Foster,"5'8""",5,8,68
14534,Allison Thompson,"6'4""",6,4,76
14530,Jess Prater,"5'9""",5,9,69
14533,Lauren Soyke,"5'10""",5,10,70
14532,Katie Rohner,"5'7""",5,7,67
14537,Ryann Wendt,"5'11""",5,11,71
14528,Natalie Palzkill,"5'9""",5,9,69
14531,Olivia Rangel,"5'9""",5,9,69
14527,Megan Madsen,"5'9""",5,9,69
14535,Emilie Wizner,"5'8""",5,8,68
14538,Natalie Gricius,"5'10""",5,10,70
14529,Lauren Pollock,"6'3""",6,3,75
7483,Makayla Ward,"5'6""",5,6,66
7486,Caitlin Harris,"5'5""",5,5,65
7472,Lauren Baker,"5'3""",5,3,63
7479,Kamryn Martinez,"5'10""",5,10,70
7481,Arieona Rosborough,"5'8""",5,8,68
7487,Catalina Cortez,"5'2""",5,2,62
7473,Cheyanne Bonilla,"5'5""",5,5,65
7488,Brooke Srncik,"5'5""",5,5,65
7489,Payton Hicks,"5'4""",5,4,64
7490,Ashley Price,"5'10""",5,10,70
7491,Alli Stilp,"5'7""",5,7,67
7492,Macee Steigleder,"5'7""",5,7,67
7493,Kirsten Zaruba,"5'7""",5,7,67
7494,Kenna Gibson,"5'7""",5,7,67
7495,Jaycie Brisco,"5'8""",5,8,68
7496,Rece Prater Merrill,"6'0""",6,0,72
7478,Catherine Kaiser,"6'3""",6,3,75
7475,Ashley Faux,"6'0""",6,0,72
7497,Addy Self,"5'11""",5,11,71
7476,Aja Holmes,"6'0""",6,0,72
7498,Katelen Brooks,"5'10""",5,10,70
7482,Gigi Waddell,"5'4""",5,4,64
7499,Josie Bruder,"6'1""",6,1,73
7500,Cortni Harris,"5'5""",5,5,65
7501,Kylie Wolsey,"6'1""",6,1,73
7502,Lizette Landry,"6'0""",6,0,72
7503,Abby Lebherz,"6'2""",6,2,74
7471,Weade Adeleke,"5'10""",5,10,70
8286,Brielle Fitzpatrick,"5'4""",5,4,64
8295,Ella Gordon,"5'6""",5,6,66
8297,Nicole Villalta-Barrantes,"5'2""",5,2,62
8294,Emma Brown,"5'8""",5,8,68
8288,Miranda Liebtag,"5'9""",5,9,69
8289,Abby Paolini,"5'2""",5,2,62
8296,Emma Pyne,"5'6""",5,6,66
8293,Kai Williams,"5'8""",5,8,68
8291,Katie Rodriguez,"5'10""",5,10,70
8430,Allison Clarke,"5'9""",5,9,69
8292,Giana Rullo,"6'0""",6,0,72
7815,Elena Welker,"5'8""",5,8,68
7816,Ava Guilford,"5'3""",5,3,63
7818,Erin Young,"5'11""",5,11,71
7817,DeBraya Edwards,"5'9""",5,9,69
7811,Becca Ross,"5'8""",5,8,68
7810,Lolo Reed,"5'5""",5,5,65
7802,Cierra Cole,"5'3""",5,3,63
7804,Olivia Dameron,"5'10""",5,10,70
7809,Romee Natschke,"5'10""",5,10,70
7806,Audrey DeWaters,"5'11""",5,11,71
7807,Anja Kelley,"5'6""",5,6,66
7814,Nicole Sweetland,"5'7""",5,7,67
7805,Riley Davis,"6'0""",6,0,72
7808,Angelina Mendieta,"5'6""",5,6,66
7803,Emma Cooke,"6'1""",6,1,73
7801,Daniah Beavers,"6'3""",6,3,75
9197,Elizabeth Lubold,"5'9""",5,9,69
9194,Jasmyn Fisher,"5'4""",5,4,64
9184,Branygan Bianchin,"5'6""",5,6,66
9186,Sofia Genareo,"5'10""",5,10,70
9187,Emily Lauer,"5'7""",5,7,67
9191,Kelsi Zik,"5'9""",5,9,69
9196,Kate Leach,"6'1""",6,1,73
9195,Jess Bickart,"5'8""",5,8,68
9193,Sarah Santicola,"6'2""",6,2,74
9190,Sydney Watko,"5'8""",5,8,68
9192,Bella Wier,"5'8""",5,8,68
9185,Alexis Caldwell,"5'8""",5,8,68
9188,Jenna Lutz,"6'0""",6,0,72
9189,Sarah Price,"6'2""",6,2,74
5287,D'Ani Morales,"6'2""",6,2,74
5282,Carmen Escano,"5'8""",5,8,68
5288,Cameron Fulcher,"6'1""",6,1,73
5289,Elainy Pichardo,"5'2""",5,2,62
5285,Brynn Smith,"5'6""",5,6,66
5290,Jasmine Sampong,"5'7""",5,7,67
5286,Brianna Worthy,"5'7""",5,7,67
5291,Brie Opdyke,"5'8""",5,8,68
5284,Camryn Rothery,"5'6""",5,6,66
5281,Kaylie Elsbree,"5'8""",5,8,68
5292,Nora Dornich,"5'7""",5,7,67
5293,Kayla Sampong,"5'6""",5,6,66
5294,Tanya Elsbree,"5'4""",5,4,64
5295,Sofia Mendez,"6'1""",6,1,73
5283,McKayla Mooney,"5'8""",5,8,68
5296,Viviana Mendez,"6'0""",6,0,72
14818,Olivia Pagliuso,"5'2""",5,2,62
14822,Lindsay Holden,"5'2""",5,2,62
14812,Aubrie Breisblatt,"5'7""",5,7,67
14820,Mia Blume,"5'6""",5,6,66
14813,Keeley Ciszkowski,"5'9""",5,9,69
14814,Emily DuPont,"5'9""",5,9,69
14817,Lauren Klieber,"5'9""",5,9,69
14816,Chelsea Keebler,"5'7""",5,7,67
14821,Jordan Cella,"5'6""",5,6,66
14815,Terea Hunt,"5'9""",5,9,69
14819,Jacqueline Wardrop,"5'5""",5,5,65
14811,Hannah Asaka,"5'7""",5,7,67
3726,Donna Jackson,"5'7""",5,7,67
3729,Kayla Mitchell,"5'5""",5,5,65
3723,Jasmine Bombardelli,"5'9""",5,9,69
3731,Miranda Wagner,"5'7""",5,7,67
3733,Rhonda Cole,"5'8""",5,8,68
3732,Bailey Wynn,"5'7""",5,7,67
3724,Alex Espinoza,"5'3""",5,3,63
3727,Ashley Lopez,"5'2""",5,2,62
3730,Kodie Rempp,"5'6""",5,6,66
3725,Hayley Humphrey,"5'11""",5,11,71
3734,Leigha Sluder,"5'10""",5,10,70
3722,Triniti Anderson,"5'11""",5,11,71
3728,Gabryella Maradiaga,"5'11""",5,11,71
3843,Payton Cline,"5'0""",5,0,60
3838,Dreyonna Graham,"5'6""",5,6,66
3834,Kailee Sobrino,"5'5""",5,5,65
3837,Abi Whitmore,"5'7""",5,7,67
3839,Tatiana Ipri,"5'8""",5,8,68
3840,Kyla Reciniello,"5'10""",5,10,70
3836,Markie Watson,"5'6""",5,6,66
3832,Taylor Hinson,"6'1""",6,1,73
3835,Tamia Warner,"5'10""",5,10,70
3841,Kaitlyn Barry,"5'9""",5,9,69
12564,Makenzie Carroll,"5'5""",5,5,65
12153,Jessie Carlquist,"5'5""",5,5,65
12155,Chloe Drozdz,"5'4""",5,4,64
12154,Jordan Carlquist,"5'7""",5,7,67
12162,Sam Webb,"6'1""",6,1,73
12156,Marissa Hanley,"5'8""",5,8,68
12157,Madelyn Koehler,"5'7""",5,7,67
12159,Brilan McCory,"5'10""",5,10,70
12568,Kailyn Knudson,"5'8""",5,8,68
12160,Charsan McCory,"6'1""",6,1,73
12569,Maggie Manthey,"5'10""",5,10,70
12567,Sierra Skack,"5'6""",5,6,66
12565,Eleanor Blakely,"5'4""",5,4,64
12158,Brianna Lake,"5'7""",5,7,67
12161,Sara Smith,"5'8""",5,8,68
12163,Halle Williams,"5'11""",5,11,71
12566,Megan Duzansky,"5'10""",5,10,70
12570,Claire Levendoski,"5'10""",5,10,70
12571,Jaylynn Vana,"5'10""",5,10,70
7076,Piper Hensley,"5'4""",5,4,64
7085,Abigail Taylor,"5'8""",5,8,68
7086,Makya Grinter,"5'6""",5,6,66
7080,Bailey Rucker,"5'8""",5,8,68
7088,Jade Pevley,"5'9""",5,9,69
7089,Leah DeLeon,"5'6""",5,6,66
7084,Emma Rose Vincent,"5'11""",5,11,71
7074,Natalie Duggins,"5'10""",5,10,70
7075,Taylor Garrett,"5'10""",5,10,70
7082,Anna Thomas,"5'6""",5,6,66
7083,Madison Tremblay,"5'6""",5,6,66
7081,Katelyn Stiltner,"5'9""",5,9,69
7077,Payton Herold,"5'5""",5,5,65
18174,McKenna Snively,"5'9""",5,9,69
18183,Lauren Fortescue,"5'7""",5,7,67
18170,Hailey Kellogg,"5'7""",5,7,67
17649,Gabbi San Diego,"5'1""",5,1,61
18181,Taylor Rawls,"5'6""",5,6,66
17645,Camille Malagar,"5'6""",5,6,66
17641,Sondra Fan,"5'7""",5,7,67
18173,Nicole Timko,"5'10""",5,10,70
17647,Hannah Orloff,"6'3""",6,3,75
18182,Faith Henderson,"5'11""",5,11,71
17643,Hannah Kaloi,"6'1""",6,1,73
17642,Alivia Giles,"6'1""",6,1,73
17644,Alexia Lindsey,"5'9""",5,9,69
17648,Katy Rader,"6'0""",6,0,72
17650,Anaya Simmons,"5'10""",5,10,70
18171,Makenna Zimmerman,"6'2""",6,2,74
18175,Ashley Steadman,"6'1""",6,1,73
4220,Cierra Zapata,"5'3""",5,3,63
4218,Kayley Diaz,"5'6""",5,6,66
4219,Camryn Medina,"5'6""",5,6,66
4228,Ileana Morales,"5'2""",5,2,62
4226,Victoria Aguayo,"5'7""",5,7,67
4216,Brianna Martin,"5'6""",5,6,66
4215,Lauren Lusk,"5'4""",5,4,64
4224,Melody Martinez,"5'8""",5,8,68
4214,Vania Hampton,"5'9""",5,9,69
4225,Jema Padilla,"5'9""",5,9,69
4223,Emily Bunger,"5'9""",5,9,69
4227,Taryn Aguilar,"5'9""",5,9,69
4213,Alexis Carmosino,"5'11""",5,11,71
4217,Jocelyne Roque,"5'10""",5,10,70
4221,Marley Rokas,"5'11""",5,11,71
4222,Courtney Cavallin,"5'11""",5,11,71
13940,Stephanie Jean-Baptiste,"5'8""",5,8,68
13933,Juan Brown,"5'11""",5,11,71
13945,Makaylah Frazier,"5'8""",5,8,68
13934,Anna Felice,"5'6""",5,6,66
13936,Hali Lucia,"5'6""",5,6,66
13941,Tatum Smyth,"5'7""",5,7,67
13932,Shannon Blankenship,"5'6""",5,6,66
13942,Madison Misser,"5'4""",5,4,64
13943,Mackenzie Higby,"5'10""",5,10,70
13937,Zoe Zutes,"5'10""",5,10,70
13944,Kennedy Cone,"6'1""",6,1,73
13935,Anna Lee,"5'7""",5,7,67
13938,Zairea Hannah,"6'1""",6,1,73
13939,Brianna Cordell,"6'2""",6,2,74
5295,Sydney McLean,"5'2""",5,2,62
5285,Dawson Driggs,"5'8""",5,8,68
5297,Cheyenne Rodgers,"5'5""",5,5,65
5290,Taylor Smith,"5'7""",5,7,67
5283,Ava Dennis,"5'10""",5,10,70
5293,Abby Bova,"5'9""",5,9,69
5288,Olivia Mayer,"6'0""",6,0,72
5282,Devyn Cope,"5'11""",5,11,71
5289,Quincy McDeid,"5'10""",5,10,70
5296,Jordan Peterson,"5'10""",5,10,70
5287,Tara Kaneshiro,"5'6""",5,6,66
5294,Avery Bowman,"5'10""",5,10,70
5284,Kimberly Dewey,"5'7""",5,7,67
5292,Alyssa Fitzgerald,"5'9""",5,9,69
5286,Madison Hagen,"5'8""",5,8,68
12331,Tori Wesolowski,"5'11""",5,11,71
11923,Clara-Paige Miller,"5'8""",5,8,68
11913,Avery Robinson,"5'8""",5,8,68
11924,Madison Platt,"5'4""",5,4,64
11916,Marley Wolf,"5'5""",5,5,65
11914,Destiny Robison,"5'4""",5,4,64
11925,Emma Seto,"5'9""",5,9,69
11911,Raylee Furlong,"5'2""",5,2,62
11918,Alli Bailey,"5'8""",5,8,68
11917,Liv Ammons,"5'9""",5,9,69
11909,Anika Dansby,"5'4""",5,4,64
11920,Aubrey Burns,"5'4""",5,4,64
11919,Emily Bennett,"5'6""",5,6,66
11926,Kaytlyn Walls,"5'9""",5,9,69
13083,Margueret Spear,"5'7""",5,7,67
13080,Lauren Knight,"5'8""",5,8,68
13075,Jayden Davis,"5'6""",5,6,66
13089,Malia Green,"5'7""",5,7,67
13090,Mary Titzer,"5'9""",5,9,69
13077,Daelah Edwards,"5'6""",5,6,66
13078,Ayanna Ester,"5'6""",5,6,66
13074,Bridget Barrett,"5'9""",5,9,69
13086,Grace Wamser,"5'8""",5,8,68
13085,Emma Thistle,"5'4""",5,4,64
13092,Saige Radke,"5'7""",5,7,67
13076,Addison Ebeling,"5'10""",5,10,70
13091,Jessie Pakaski,"5'10""",5,10,70
13079,Elena Knebel,"5'11""",5,11,71
13087,Maeve Wojcik,"5'10""",5,10,70
13081,Marianna Morrissey,"5'8""",5,8,68
13093,Alyssa Orozco,"5'10""",5,10,70
9783,Emily Adams,"5'10""",5,10,70
9784,Maggie McKearin,"5'5""",5,5,65
9773,Delaney Whitehead,"5'9""",5,9,69
9770,Elise Magro,"5'6""",5,6,66
9785,Luna Perry-St. Peter,"5'9""",5,9,69
9786,Kathryn Moore,"5'10""",5,10,70
9772,Kelly Vuz,"5'7""",5,7,67
9787,Felicia Poirier,"5'10""",5,10,70
9771,Gwyn Tatton,"5'8""",5,8,68
9769,Liz Bailey,"6'1""",6,1,73
7943,Cassidy Dumont,"5'5""",5,5,65
7941,Mariah Benavides,"5'1""",5,1,61
7950,Lauryn Withrow,"5'9""",5,9,69
7952,Raelin Burns,"5'9""",5,9,69
7953,Lexi Huiatt,"5'7""",5,7,67
7954,Laney Tiernan,"5'9""",5,9,69
7945,Ruthie Nolan,"5'9""",5,9,69
7946,Elaina Porter,"5'9""",5,9,69
7951,Bella Doyle,"5'10""",5,10,70
7948,Grace Towler,"5'5""",5,5,65
7947,Veronica Tache,"5'4""",5,4,64
7955,Isabelle Vaccaro,"5'5""",5,5,65
7944,Kailey Johnson,"5'5""",5,5,65
2687,Haivynn Kovach,"5'6""",5,6,66
2690,Morgan Ritchie,"5'4""",5,4,64
2689,Jordan McGhee,"5'6""",5,6,66
2685,Ashley Wilson,"5'7""",5,7,67
2686,Kaylen Ledford,"5'7""",5,7,67
2691,Rachel Bilger,"5'9""",5,9,69
2701,Bella Bozen,"5'6""",5,6,66
7286,Alyse Southard,"5'7""",5,7,67
7280,Maya Lindgren,"5'8""",5,8,68
7284,Macey Rogers,"5'9""",5,9,69
7761,Caydee Kirkham,"5'7""",5,7,67
7278,Molly Buck,"5'8""",5,8,68
7287,Makayla Walleser,"5'8""",5,8,68
7763,Katie Smith,"5'9""",5,9,69
7757,Sam Cooley,"5'6""",5,6,66
7762,Kelly Knight,"5'5""",5,5,65
7759,Kennedy Gordon,"5'10""",5,10,70
7281,Theo Mba,"6'0""",6,0,72
7756,Molly Chmelicek,"5'10""",5,10,70
7289,Ellie Wisner,"5'11""",5,11,71
7755,Alina Anderson,"6'0""",6,0,72
7288,Katie Wilhelmi,"5'11""",5,11,71
7279,Meagan Harvey,"5'9""",5,9,69
7285,Emily Sly,"6'1""",6,1,73
7282,Kaalyn Petersen,"6'0""",6,0,72
7760,Brynn Haas,"6'1""",6,1,73
7758,Erin Danner,"5'11""",5,11,71
6401,Sophie Webb,"5'6""",5,6,66
6395,Natalia Gonyea,"5'9""",5,9,69
6394,Jana Berry,"5'7""",5,7,67
6402,Lauren Cho,"5'8""",5,8,68
6398,Adaobi Nebuwa,"5'10""",5,10,70
6403,Chelsea Ibenegbu,"5'6""",5,6,66
6396,Bray Hunter,"5'11""",5,11,71
6399,Alexis Semidey-Martinez,"5'10""",5,10,70
6400,Caroline Smith,"5'11""",5,11,71
6404,Lydia Mordarski,"5'8""",5,8,68
6405,Lili Nagy,"5'6""",5,6,66
6397,Carter McGloon,"5'11""",5,11,71
6406,Gabrielle Hemenes,"6'1""",6,1,73
6488,Mackenzie Younker,"6'1""",6,1,73
6770,Ella Lippelman,"5'5""",5,5,65
6774,Laura Strenk,"5'7""",5,7,67
6778,Alex Aronie,"5'9""",5,9,69
6772,Tedy Reed,"5'8""",5,8,68
6777,Andie Will,"5'9""",5,9,69
6776,Olivia Xerras,"5'8""",5,8,68
6768,Talia Cloud,"5'11""",5,11,71
6779,Kayla Mackel,"5'11""",5,11,71
6766,Healy Bledsoe,"5'11""",5,11,71
6764,Vanessa Amsinger,"5'10""",5,10,70
6773,Kyle Rowland,"5'5""",5,5,65
6769,Anna Fanelli,"5'5""",5,5,65
6775,Zoe Tomlinson,"6'2""",6,2,74
6767,Rosie Braley,"6'2""",6,2,74
6765,Audrey Bayston,"5'11""",5,11,71
6780,Avery Johnson,"5'9""",5,9,69
6771,Emma Nawara,"5'10""",5,10,70
3853,Aalyssa Rogers,"5'6""",5,6,66
3854,Alona Stanley,"5'1""",5,1,61
3849,Kalaia Hampton,"5'6""",5,6,66
3848,Makaela Frey,"5'6""",5,6,66
3850,Lakay Holloway,"5'3""",5,3,63
3855,Danaijah Wise,"5'1""",5,1,61
3844,Aaliyah Boatman,"5'1""",5,1,61
3856,Monay Harris,"5'1""",5,1,61
3858,Shirle Brown,"5'7""",5,7,67
3847,Yanae Edwards,"5'9""",5,9,69
3851,Amaura James,"5'9""",5,9,69
3843,Amiyah Dixon,"5'6""",5,6,66
3845,Britney Fils,"6'2""",6,2,74
3852,Angel Ricks,"5'10""",5,10,70
7952,Mackenzie Dover,"5'5""",5,5,65
7957,Jacey Petruno,"5'7""",5,7,67
7954,Lindsey Williamson,"5'7""",5,7,67
7960,Amy Jones,"5'8""",5,8,68
7958,Devon Sonzogni,"5'8""",5,8,68
7950,Gabby Boggs,"6'0""",6,0,72
7959,CJ Apistar,"5'6""",5,6,66
7964,Aaliyah Burton,"5'6""",5,6,66
7963,Nina Lanier,"5'8""",5,8,68
7955,Orianna Edmond,"6'2""",6,2,74
7961,Julia Zakovitch,"5'11""",5,11,71
7953,Amina Rauf,"5'7""",5,7,67
7956,Lauren Pool,"5'9""",5,9,69
7962,Jadyn Heck-Hoppes,"5'5""",5,5,65
8233,Nazuri Whigham,"5'6""",5,6,66
8236,Melia Perry,"5'8""",5,8,68
8218,Prentciss Gates,"5'7""",5,7,67
8232,Jaylene Wade,"5'6""",5,6,66
8217,Mikalah Ellis,"5'8""",5,8,68
8214,Emily Balaban,"5'10""",5,10,70
8482,Katherine Benes,"5'3""",5,3,63
8234,Mckayley Hopkins,"5'6""",5,6,66
8228,Chloe Schaafsma,"5'8""",5,8,68
8229,Bailey Steinkamp,"5'8""",5,8,68
8222,Sydney Lloyd,"5'10""",5,10,70
8225,Madelyn McGrath,"5'6""",5,6,66
8235,Alexis Desjarlait,"5'7""",5,7,67
8224,Amaya Martin,"5'6""",5,6,66
8219,Kayla Jackson,"5'6""",5,6,66
8231,Janie Ternes,"5'10""",5,10,70
8223,Alisyn MacGregor,"6'0""",6,0,72
8216,Jada Dixon,"6'0""",6,0,72
8237,Moriah Matthews,"5'3""",5,3,63
8230,Mackenzie Straulin,"5'8""",5,8,68
14399,Elizabeth Fasti,"5'5""",5,5,65
14398,Skylar Dowling,"5'4""",5,4,64
14407,Anna Cholakis,"5'7""",5,7,67
14402,Morgan Haefele,"5'4""",5,4,64
14397,Lauren DiMartino,"5'9""",5,9,69
14406,Melina Santacroce,"5'11""",5,11,71
14404,Jordan Postiglione,"5'10""",5,10,70
14396,Gianna Delfino,"5'11""",5,11,71
14401,Jocelyn Grosch,"5'8""",5,8,68
14400,Becca Franklin,"5'8""",5,8,68
14393,Skylar Bianchi,"6'0""",6,0,72
14405,Katie Ryan,"5'9""",5,9,69
14403,Meaghan McCaffrey,"6'1""",6,1,73
14395,Chloe Captoni,"5'6""",5,6,66
14394,Alyssa Bondi,"5'5""",5,5,65
6092,Abby Ilusorio,"5'5""",5,5,65
6097,Tanner Poissant,"5'7""",5,7,67
6090,Molly Cronin,"5'8""",5,8,68
6098,Sydney Feeney,"5'7""",5,7,67
6099,Avery Burns,"5'6""",5,6,66
6100,Hallie O'Toole,"6'0""",6,0,72
6101,Carol Herbert,"5'9""",5,9,69
6095,Hope Olson,"6'0""",6,0,72
6093,Aislinn McMahon,"5'8""",5,8,68
6091,Catie Donadio,"5'7""",5,7,67
6094,Rebecca Oberman-Levine,"5'11""",5,11,71
6102,Catherine Cole,"5'6""",5,6,66
6103,Ray Nnabuife,"6'3""",6,3,75
6104,Charlotte Head,"5'11""",5,11,71
6096,Jaycie Rojik,"5'10""",5,10,70
6189,Mackenzie Iannici,"5'6""",5,6,66
5155,Madison Osborn,"5'4""",5,4,64
5165,Karli Artman,"5'4""",5,4,64
5162,Kennedy Pawloski,"5'6""",5,6,66
5153,Kali March,"5'5""",5,5,65
5151,Megan Gandrup,"5'6""",5,6,66
5169,A'ryn Jackson,"5'6""",5,6,66
5157,Victoria Saucedo,"5'7""",5,7,67
5152,Madi Lemke,"5'10""",5,10,70
5149,Rachael Adewusi,"5'10""",5,10,70
5166,Tenley Cavanagh,"5'6""",5,6,66
5156,Cari Pickup,"5'9""",5,9,69
5158,Ani'ja Simmons,"5'10""",5,10,70
5167,Gracie Dorny,"5'8""",5,8,68
5150,Katelyn Burns,"6'3""",6,3,75
5159,Madison Wauters,"6'3""",6,3,75
5154,Mia Murray,"5'5""",5,5,65
5170,Rylee Vandresar,"5'10""",5,10,70
5164,Caroline Adams,"5'10""",5,10,70
3017,Brene'a Daye,"5'8""",5,8,68
3016,Haley George,"5'5""",5,5,65
3021,Nivia King,"5'4""",5,4,64
3202,Kameesha Pascoe,"5'8""",5,8,68
3018,Elisha Aull,"5'6""",5,6,66
3015,Ninevah Reddick,"5'8""",5,8,68
3019,Hannah Lewis,"6'0""",6,0,72
3013,Pamela Mock,"5'8""",5,8,68
3020,Amiah Savage,"5'9""",5,9,69
8383,Dom Moser,"5'5""",5,5,65
8384,Sophie Chevres,"5'3""",5,3,63
8385,Aliyah Jean-Baptiste,"5'8""",5,8,68
8376,Haley Keenan,"5'7""",5,7,67
8389,Aubrey Ennis,"5'5""",5,5,65
8387,Ciana Feliciano,"5'4""",5,4,64
8388,Tori Bockrath,"5'8""",5,8,68
8386,Maisie Neuber,"5'10""",5,10,70
8522,Jess Williamson,"5'3""",5,3,63
8380,Jenna Schiessl,"5'6""",5,6,66
8390,Alexis Wright,"5'11""",5,11,71
8379,Taylor Richardson,"5'10""",5,10,70
11123,Samantha Fischer,"5'8""",5,8,68
11122,Alyssa DiMillo,"5'5""",5,5,65
11127,Rebecca Jewett,"5'9""",5,9,69
11129,Grace Rittenhouse,"5'7""",5,7,67
11134,Jessica Beehler,"5'5""",5,5,65
11132,Karly Welty,"5'4""",5,4,64
11133,Ashlyn Marron,"6'0""",6,0,72
11130,Anne Spila,"5'10""",5,10,70
11128,Allison O'Toole,"5'5""",5,5,65
11125,Leah Harkenrider,"5'4""",5,4,64
11124,Gillian Flint,"5'8""",5,8,68
11131,Felicia Stewart,"5'9""",5,9,69
11126,Ana Ion,"5'9""",5,9,69
11136,Amber O'Toole,"5'7""",5,7,67
11135,Mackenzie Cannon,"5'9""",5,9,69
8150,Mary Kate Drevline,"5'7""",5,7,67
8165,Hannah Wynn,"5'7""",5,7,67
8160,Francesca Sileo,"5'7""",5,7,67
8151,Rosie Drevline,"5'8""",5,8,68
8164,Sydney Wood,"5'6""",5,6,66
8158,Grace Klonsky,"5'9""",5,9,69
8769,Jess Zittel,"5'6""",5,6,66
8770,Katie Houpt,"5'11""",5,11,71
8161,Jill Smith,"5'5""",5,5,65
8153,Molly Fisher,"5'4""",5,4,64
8156,Cara Harty,"5'6""",5,6,66
8152,Gabby Elliott,"5'7""",5,7,67
8149,Gaby Contreras,"5'8""",5,8,68
8772,Liz Russell,"5'8""",5,8,68
8771,Brooke Toigo,"5'11""",5,11,71
8155,Maddie Goodman,"5'11""",5,11,71
8163,Abigail Westmeyer,"5'11""",5,11,71
8162,Ava Warcaba,"6'1""",6,1,73
8391,Sydney Flores,"6'0""",6,0,72
8147,Mikaila Carpenter,"6'0""",6,0,72
8085,Gwen Alberici,"5'4""",5,4,64
8089,Izzy Lalo,"5'3""",5,3,63
8093,Katrina Wojtowicz,"5'10""",5,10,70
8096,Ryane Wood,"5'3""",5,3,63
8088,Carlye Graff,"5'6""",5,6,66
8099,Beth Dobrich,"5'9""",5,9,69
8098,Madelyn Morgan,"5'8""",5,8,68
8090,Kyra Mann,"5'8""",5,8,68
8094,Brianna Schweitzer,"5'8""",5,8,68
8100,Brenna Hezel,"6'1""",6,1,73
8097,Gracie Hezel,"6'0""",6,0,72
8091,Joey Meyers,"5'10""",5,10,70
8092,Jamie Struble,"5'10""",5,10,70
8101,Maddie Beyer,"5'7""",5,7,67
8095,Gianna Pica,"5'10""",5,10,70
8086,Sam Antin,"6'1""",6,1,73
2873,McKenzie Schueler,"5'7""",5,7,67
2870,Mia Miller,"5'6""",5,6,66
2649,Isabella Tierney,"5'10""",5,10,70
2869,Taylor Martin,"5'8""",5,8,68
2639,Kathleen Mathias,"5'9""",5,9,69
2867,MaCalyn Flores,"5'2""",5,2,62
2632,Hannah Hoeger,"5'4""",5,4,64
2629,Regan Griffith,"5'5""",5,5,65
2875,Maddy Von Rabenau,"5'7""",5,7,67
2622,Abigail Bailey,"5'6""",5,6,66
2624,Megan Boby,"5'9""",5,9,69
2648,Tabria Thomas,"5'9""",5,9,69
2871,Claire Nazos,"5'7""",5,7,67
2643,Maddie Monge,"5'6""",5,6,66
2636,Makenzie Knapp,"5'8""",5,8,68
2631,Morgan Hawkins,"5'9""",5,9,69
2647,Sara Steder,"5'6""",5,6,66
2634,Karsen Kershner,"6'0""",6,0,72
2876,Jasani Williams,"5'8""",5,8,68
2866,Katelyn Esser,"5'10""",5,10,70
2638,Lauren Livingston,"5'9""",5,9,69
2645,Madi Petersen,"6'0""",6,0,72
2874,Christina Simonetti,"6'0""",6,0,72
2868,Brinley Jones,"5'7""",5,7,67
4988,Willow Runyon,"5'5""",5,5,65
4985,Alexis Gibson,"5'10""",5,10,70
4987,Eva Lyon,"5'9""",5,9,69
5176,Alexei Van Schaik,"5'9""",5,9,69
4986,Megan Helmkamp,"5'6""",5,6,66
4983,Jay Bright,"5'4""",5,4,64
4982,Amari Bradford,"5'5""",5,5,65
4990,Neely Trenshaw,"5'6""",5,6,66
5172,Gabrielle Johns,"5'11""",5,11,71
5175,Josie Whorton,"5'8""",5,8,68
5174,Mollie Lyon,"6'0""",6,0,72
5171,Nikki Alston,"5'6""",5,6,66
5173,Bailey Gibson,"5'10""",5,10,70
4984,Kinzi Brooks,"5'6""",5,6,66
6863,Abigail Rafferty,"6'1""",6,1,73
6859,Emily Evans,"5'7""",5,7,67
6860,Mackenzie Gordos,"5'6""",5,6,66
6855,Olivia Scotti,"5'10""",5,10,70
6857,Lindsay Bednarek,"5'9""",5,9,69
6854,Amelia Saunders,"5'7""",5,7,67
6853,Mikaela Reese,"6'0""",6,0,72
6848,Megan Bealer,"5'9""",5,9,69
6852,Maria Newsome,"5'5""",5,5,65
6856,Lindsey Welsh,"5'8""",5,8,68
6864,Sammi White,"5'11""",5,11,71
6851,Grace Kelleher,"5'6""",5,6,66
6858,Mikaili Donmoyer,"5'6""",5,6,66
6862,Mia Patterson,"5'9""",5,9,69
6861,Julia Kowalski,"5'6""",5,6,66
4280,Cara McGettigan,"5'9""",5,9,69
4285,Daria Fournier,"5'5""",5,5,65
4281,Danielle O'Brien,"5'5""",5,5,65
4283,Jaclyn Santella,"5'3""",5,3,63
4284,Jenna Serrantino,"5'8""",5,8,68
4275,Elayna Comella,"5'9""",5,9,69
4274,Martha Chatman,"5'8""",5,8,68
4279,Kya Mayo,"5'6""",5,6,66
4277,Emily Jeamel,"5'10""",5,10,70
4278,Julie Keckler,"5'6""",5,6,66
4273,Anna Barry,"6'0""",6,0,72
4286,Riley Griffin,"5'8""",5,8,68
4276,Mariah Dunn,"5'9""",5,9,69
4287,Avery Stewart,"5'9""",5,9,69
4282,Taylor Salato,"6'0""",6,0,72
4288,Savannah Striano,"6'4""",6,4,76
14735,Makenna Mummert,"5'8""",5,8,68
14722,Lindsay Boyd,"5'9""",5,9,69
14731,Cyleigh Wilson,"5'5""",5,5,65
14732,Megan Desmet,"5'6""",5,6,66
14728,Georgia Panopoulos,"5'5""",5,5,65
14724,Taylor Huyck,"5'8""",5,8,68
14736,Kaeli Romanowski,"5'4""",5,4,64
14723,Katie Haefner,"5'9""",5,9,69
14733,Ellie Fasick,"6'2""",6,2,74
14727,Summer McNulty,"5'7""",5,7,67
14725,Jessica King,"6'0""",6,0,72
14734,Allyia Kennedy,"6'0""",6,0,72
14726,Clare Marchese,"5'7""",5,7,67
14730,DaniRae Renno,"6'2""",6,2,74
14729,Cass Peris,"5'9""",5,9,69
8919,Taylor Harazin,"6'2""",6,2,74
8930,Payton Schmidt,"5'6""",5,6,66
8935,Safiyah Reed,"5'5""",5,5,65
8937,Kendall Schieppe,"5'8""",5,8,68
8914,MC Brown,"5'8""",5,8,68
8929,Ella Riley,"5'8""",5,8,68
8924,Sophia Micos,"5'7""",5,7,67
8922,Katie Matrise,"5'6""",5,6,66
8938,Alison Sellergren,"5'5""",5,5,65
8940,Anna Kleszynski,"5'11""",5,11,71
8927,Lindsay Novak,"5'4""",5,4,64
8918,Maddie Decman,"5'7""",5,7,67
8925,Marissa Mussatto,"5'8""",5,8,68
8933,Reilly Webb,"5'7""",5,7,67
8928,Kela Reichwein,"6'0""",6,0,72
8920,Jackie Hurst,"6'0""",6,0,72
8923,Kate Matthews,"5'9""",5,9,69
8934,Anna Sheedy,"6'1""",6,1,73
8916,Morgan Collar,"6'0""",6,0,72
8912,Mikaela Armstrong,"5'8""",5,8,68
8913,Cate Boling,"5'7""",5,7,67
8932,Kendra Cartright,"5'6""",5,6,66
5814,Nevaeh Winston,"5'8""",5,8,68
5815,Olivia Nittinger,"5'6""",5,6,66
5827,Natalie Musolino,"5'6""",5,6,66
5807,Laura Bogota,"5'2""",5,2,62
5828,McKenzie Simmons,"5'8""",5,8,68
5809,Taylor Jung,"5'10""",5,10,70
5810,Alleney Klunk,"5'7""",5,7,67
5831,Abby Belcher,"6'0""",6,0,72
5805,Taylor Albrecht,"5'9""",5,9,69
5833,Kelsey Stewart,"5'3""",5,3,63
5837,Sara Gardner,"5'6""",5,6,66
5806,Olivia Ayres,"5'6""",5,6,66
5813,Anna Ward,"5'9""",5,9,69
5840,Mia Welty,"5'4""",5,4,64
5812,Desiree Roy,"6'0""",6,0,72
5808,D'Asia Jones,"5'6""",5,6,66
5811,Victoria Rought,"5'10""",5,10,70
5097,Laken Stiles,"5'5""",5,5,65
5103,Brooklyn Begley,"5'7""",5,7,67
5089,Nae-Nae Eades,"5'5""",5,5,65
5101,Lu Woolfolk,"5'5""",5,5,65
5104,Hayley Borino,"5'3""",5,3,63
5108,Reagan York,"5'8""",5,8,68
5095,Ashley Scott,"5'5""",5,5,65
5088,Cara Crump,"5'5""",5,5,65
5098,Kyriaki Taylor,"6'2""",6,2,74
5094,Colby Reed,"5'10""",5,10,70
5102,Kelsey Banks,"5'6""",5,6,66
5106,Maddy Dickens,"5'6""",5,6,66
5105,Riley Bryan,"5'9""",5,9,69
5107,Jordan Vernon,"5'8""",5,8,68
5087,Bentley Cronic,"5'7""",5,7,67
5093,Avery McAllister,"5'11""",5,11,71
5258,Destiny Deetz,"6'0""",6,0,72
5099,Nakiyah Washington,"5'10""",5,10,70
8228,Isabella Torrado,"5'9""",5,9,69
8223,Alyssa Olivo,"5'5""",5,5,65
8224,Abigail Rodriguez,"5'4""",5,4,64
8225,Reyniyah Rogers-Carter,"5'6""",5,6,66
8292,Alison Kozik,"5'6""",5,6,66
8222,Nour Elsayyid,"5'8""",5,8,68
8226,Whitney Shyposh,"6'1""",6,1,73
6760,DeMeisha Canada,"5'9""",5,9,69
6759,Kayla Cabiness,"5'3""",5,3,63
6786,Candela Pérez-Castellanos,"5'6""",5,6,66
6788,Trina Lewis,"5'10""",5,10,70
6764,Alexis Miller,"5'5""",5,5,65
6762,Sadavia Felder,"5'6""",5,6,66
6761,Brogan Dudley,"5'3""",5,3,63
6763,Aisha Martin,"5'9""",5,9,69
6778,Breandria Oliver,"5'6""",5,6,66
6765,Kaira Williams,"5'2""",5,2,62
6784,Emily Mahood,"5'9""",5,9,69
6789,Kayleigh Shreffler,"5'6""",5,6,66
6781,Hannah Huffman,"5'10""",5,10,70
6787,Allyson Cassell,"5'10""",5,10,70
6785,Makalyn Savoy,"5'8""",5,8,68
6783,Erin Harden,"5'6""",5,6,66
6780,Heaven Lee,"6'1""",6,1,73
4485,McKenzie Howard,"6'1""",6,1,73
4748,Amanda Crowninshield,"5'4""",5,4,64
4488,Jordan Maxwell,"5'6""",5,6,66
4483,Maddie Edler,"5'8""",5,8,68
4489,Mia Rudin,"6'3""",6,3,75
4491,Cierra Trigg,"5'8""",5,8,68
4749,Maggie Delascurain,"6'0""",6,0,72
4479,Kaylee Boykin,"5'10""",5,10,70
4481,Trystan Clark,"5'5""",5,5,65
4486,Diane Hurst,"6'1""",6,1,73
4492,Blythe Williams,"5'9""",5,9,69
4746,Raven Busby,"5'8""",5,8,68
4752,Kyra Samuels,"6'2""",6,2,74
4750,Lauren Fulenwider,"5'5""",5,5,65
4484,Jordyn Hofmann,"6'0""",6,0,72
4493,Anna Yellen,"5'9""",5,9,69
4747,Raylee Cave,"5'9""",5,9,69
5091,Caiden Crego,"5'3""",5,3,63
5095,Janell Steed,"5'2""",5,2,62
5090,Treanna Blenman,"5'9""",5,9,69
5094,Mackenzie Kelley-Parker,"5'8""",5,8,68
5097,Shyanne Trinh,"5'2""",5,2,62
5098,Hailey Roush,"5'4""",5,4,64
5093,Erin Hardick,"5'3""",5,3,63
5122,Taliyah Mann,"5'11""",5,11,71
5096,Xaneya Thomas,"5'7""",5,7,67
5092,Ariea Garrett,"6'0""",6,0,72
7278,Sarah Seaman,"5'8""",5,8,68
7268,Caitlin Snyder,"5'8""",5,8,68
7265,Renee Park,"5'8""",5,8,68
7279,Amber Louis,"5'4""",5,4,64
7280,Kyla Smith,"5'5""",5,5,65
7271,Alena Wright,"6'2""",6,2,74
7260,Karley Callea,"5'10""",5,10,70
7267,Jaden Sciotti,"5'3""",5,3,63
7266,Hannah Potter,"5'4""",5,4,64
7281,Laurell Brown,"5'10""",5,10,70
7282,Sarah Meder,"5'10""",5,10,70
7363,Allie Wandell,"5'9""",5,9,69
7269,Nagely Vazquez,"5'9""",5,9,69
7262,Mary Culeton,"5'7""",5,7,67
7283,Kailee Bladin,"5'3""",5,3,63
6291,Jayla Aldridge,"5'6""",5,6,66
6292,Jessica Amezaga,"5'5""",5,5,65
6312,Bailey Andrews,"5'8""",5,8,68
6317,Mackenzie Berger,"5'7""",5,7,67
6315,Jordan Bravo,"5'9""",5,9,69
6294,Chelsea Cogborn,"5'11""",5,11,71
6295,Allese Crutcher,"5'11""",5,11,71
6296,Kennedy Donovan,"5'7""",5,7,67
6313,Britney Gonzalez,"5'0""",5,0,60
6311,Aniya Hicks,"5'8""",5,8,68
6314,Faith Horton,"5'5""",5,5,65
6318,Sam Ising,"6'3""",6,3,75
6301,Mikayla Johnson,"5'5""",5,5,65
6310,Alena Johnston,"5'5""",5,5,65
6303,Madi Maxwell,"5'6""",5,6,66
6309,Abby Parra,"5'6""",5,6,66
6304,Havyn Perez,"5'6""",5,6,66
6305,Zakari Perry,"5'8""",5,8,68
6306,Irianna Rollins,"6'0""",6,0,72
6316,Kyndall Williams,"5'10""",5,10,70
5713,Maggie McGrane,"5'4""",5,4,64
5709,Kiley Snow,"6'0""",6,0,72
5706,Kelly McLaughlin,"5'8""",5,8,68
5704,Taylor Hansen,"5'8""",5,8,68
5711,Brooke Woodard,"5'5""",5,5,65
5710,Hannah Stockman,"5'10""",5,10,70
5707,Mackenzie Reigle,"5'7""",5,7,67
5714,Brianna Beebe,"5'10""",5,10,70
5708,Lauren Romito,"6'3""",6,3,75
5702,Saige Benedict,"5'10""",5,10,70
5712,Eva Elliot,"5'8""",5,8,68
5703,Kerry Dennin,"5'11""",5,11,71
5705,Madison Hoyt,"6'0""",6,0,72
12299,Alayna Arnolie,"5'7""",5,7,67
12304,Colleen McGovern,"5'8""",5,8,68
12294,Shinya Lee,"5'11""",5,11,71
